PlayerName,Year,Innings,Runs,Balls,Outs,Avg,SR,HS,50,100,4s,6s,Dot %
AM Rahane,2021 , 1 , 8 , 8 , 1 , 8.0 , 100.0 , 8 , 0 , 0 , 1 , 0 , 50.0 
AM Rahane,2020 , 8 , 113 , 107 , 8 , 14.1 , 105.6 , 60 , 1 , 0 , 12 , 2 , 43.9 
AM Rahane,2019 , 13 , 393 , 285 , 12 , 32.8 , 137.9 , 105 , 1 , 1 , 45 , 9 , 35.4 
RA Tripathi,2021 , 5 , 127 , 89 , 5 , 25.4 , 142.7 , 53 , 1 , 0 , 12 , 4 , 30.3 
RA Tripathi,2020 , 11 , 230 , 181 , 10 , 23.0 , 127.1 , 81 , 1 , 0 , 21 , 10 , 42.0 
RA Tripathi,2019 , 7 , 141 , 118 , 6 , 23.5 , 119.5 , 50 , 1 , 0 , 13 , 2 , 32.2 
MJ McClenaghan,2019 , 4 , 11 , 16 , 3 , 3.7 , 68.8 , 10 , 0 , 0 , 2 , 0 , 68.8 
MJ McClenaghan,2018 , 4 , 11 , 10 , 2 , 5.5 , 110.0 , 11 , 0 , 0 , 1 , 1 , 70.0 
MJ McClenaghan,2017 , 5 , 16 , 15 , 4 , 4.0 , 106.7 , 12 , 0 , 0 , 0 , 1 , 33.3 
SPD Smith,2021 , 3 , 76 , 66 , 2 , 38.0 , 115.2 , 34 , 0 , 0 , 7 , 1 , 30.3 
SPD Smith,2020 , 14 , 311 , 237 , 12 , 25.9 , 131.2 , 69 , 3 , 0 , 32 , 9 , 35.0 
SPD Smith,2019 , 10 , 319 , 275 , 8 , 39.9 , 116.0 , 73 , 3 , 0 , 30 , 4 , 33.1 
SL Malinga,2017 , 2 , 7 , 3 , 0 , - , 233.3 , 7 , 0 , 0 , 0 , 1 , 33.3 
SL Malinga,2015 , 1 , 6 , 10 , 0 , - , 60.0 , 6 , 0 , 0 , 1 , 0 , 70.0 
SL Malinga,2014 , 1 , 2 , 4 , 1 , 2.0 , 50.0 , 2 , 0 , 0 , 0 , 0 , 50.0 
MK Tiwary,2018 , 4 , 47 , 44 , 3 , 15.7 , 106.8 , 35 , 0 , 0 , 4 , 1 , 40.9 
MK Tiwary,2017 , 13 , 324 , 236 , 10 , 32.4 , 137.3 , 60 , 2 , 0 , 31 , 11 , 30.1 
MK Tiwary,2015 , 2 , 57 , 56 , 2 , 28.5 , 101.8 , 32 , 0 , 0 , 8 , 1 , 50.0 
JJ Bumrah,2021 , 3 , 4 , 6 , 1 , 4.0 , 66.7 , 3 , 0 , 0 , 0 , 0 , 33.3 
JJ Bumrah,2020 , 1 , 5 , 3 , 0 , - , 166.7 , 5 , 0 , 0 , 0 , 0 , 0.0 
JJ Bumrah,2019 , 1 , 0 , 1 , 0 , - , 0.0 , 0 , 0 , 0 , 0 , 0 , 100.0 
KV Sharma,2017 , 6 , 49 , 41 , 6 , 8.2 , 119.5 , 19 , 0 , 0 , 5 , 2 , 43.9 
KV Sharma,2016 , 3 , 36 , 30 , 0 , - , 120.0 , 26 , 0 , 0 , 3 , 1 , 40.0 
KV Sharma,2015 , 9 , 104 , 85 , 6 , 17.3 , 122.4 , 32 , 0 , 0 , 3 , 6 , 30.6 
KH Pandya,2021 , 5 , 29 , 27 , 4 , 7.2 , 107.4 , 15 , 0 , 0 , 4 , 0 , 40.7 
KH Pandya,2020 , 11 , 109 , 92 , 6 , 18.2 , 118.5 , 34 , 0 , 0 , 9 , 5 , 41.3 
KH Pandya,2019 , 14 , 183 , 150 , 11 , 16.6 , 122.0 , 42 , 0 , 0 , 18 , 5 , 38.7 
HH Pandya,2021 , 5 , 36 , 37 , 5 , 7.2 , 97.3 , 15 , 0 , 0 , 5 , 0 , 48.6 
HH Pandya,2020 , 13 , 281 , 157 , 8 , 35.1 , 179.0 , 60 , 1 , 0 , 14 , 25 , 31.8 
HH Pandya,2019 , 15 , 402 , 210 , 9 , 44.7 , 191.4 , 91 , 1 , 0 , 28 , 29 , 27.6 
MS Dhoni,2021 , 4 , 37 , 30 , 3 , 12.3 , 123.3 , 18 , 0 , 0 , 4 , 1 , 46.7 
MS Dhoni,2020 , 12 , 200 , 172 , 8 , 25.0 , 116.3 , 47 , 0 , 0 , 16 , 7 , 40.7 
MS Dhoni,2019 , 12 , 416 , 309 , 5 , 83.2 , 134.6 , 84 , 3 , 0 , 22 , 23 , 35.3 
LMP Simmons,2017 , 7 , 137 , 112 , 7 , 19.6 , 122.3 , 66 , 2 , 0 , 10 , 8 , 47.3 
LMP Simmons,2016 , 1 , 8 , 8 , 1 , 8.0 , 100.0 , 8 , 0 , 0 , 0 , 1 , 62.5 
LMP Simmons,2015 , 13 , 540 , 441 , 12 , 45.0 , 122.4 , 71 , 6 , 0 , 56 , 21 , 45.6 
PA Patel,2019 , 14 , 373 , 268 , 14 , 26.6 , 139.2 , 67 , 2 , 0 , 48 , 10 , 38.1 
PA Patel,2018 , 6 , 153 , 109 , 5 , 30.6 , 140.4 , 53 , 1 , 0 , 20 , 4 , 37.6 
PA Patel,2017 , 16 , 395 , 293 , 16 , 24.7 , 134.8 , 70 , 2 , 0 , 49 , 8 , 36.5 
JD Unadkat,2021 , 2 , 35 , 24 , 1 , 35.0 , 145.8 , 24 , 0 , 0 , 2 , 2 , 33.3 
JD Unadkat,2020 , 1 , 9 , 13 , 1 , 9.0 , 69.2 , 9 , 0 , 0 , 0 , 0 , 46.2 
JD Unadkat,2019 , 2 , 1 , 3 , 1 , 1.0 , 33.3 , 1 , 0 , 0 , 0 , 0 , 66.7 
Washington Sundar,2021 , 2 , 18 , 27 , 2 , 9.0 , 66.7 , 10 , 0 , 0 , 1 , 0 , 55.6 
Washington Sundar,2020 , 9 , 111 , 95 , 6 , 18.5 , 116.8 , 30 , 0 , 0 , 10 , 2 , 31.6 
Washington Sundar,2019 , 2 , 1 , 3 , 2 , 0.5 , 33.3 , 1 , 0 , 0 , 0 , 0 , 66.7 
LH Ferguson,2020 , 2 , 43 , 29 , 0 , - , 148.3 , 24 , 0 , 0 , 4 , 1 , 24.1 
LH Ferguson,2017 , 1 , 1 , 1 , 0 , - , 100.0 , 1 , 0 , 0 , 0 , 0 , 0.0 
SN Thakur,2021 , 1 , 1 , 1 , 1 , 1.0 , 100.0 , 1 , 0 , 0 , 0 , 0 , 0.0 
SN Thakur,2020 , 2 , 12 , 21 , 1 , 12.0 , 57.1 , 11 , 0 , 0 , 0 , 0 , 47.6 
SN Thakur,2019 , 2 , 14 , 7 , 2 , 7.0 , 200.0 , 12 , 0 , 0 , 1 , 1 , 28.6 
RG Sharma,2021 , 5 , 201 , 154 , 5 , 40.2 , 130.5 , 63 , 1 , 0 , 14 , 9 , 33.1 
RG Sharma,2020 , 12 , 332 , 260 , 12 , 27.7 , 127.7 , 80 , 3 , 0 , 27 , 19 , 44.6 
RG Sharma,2019 , 15 , 405 , 315 , 14 , 28.9 , 128.6 , 67 , 2 , 0 , 52 , 10 , 40.3 
AT Rayudu,2021 , 4 , 64 , 41 , 4 , 16.0 , 156.1 , 27 , 0 , 0 , 2 , 6 , 36.6 
AT Rayudu,2020 , 11 , 359 , 282 , 9 , 39.9 , 127.3 , 71 , 1 , 0 , 30 , 12 , 32.3 
AT Rayudu,2019 , 17 , 282 , 303 , 12 , 23.5 , 93.1 , 57 , 1 , 0 , 20 , 7 , 42.6 
KA Pollard,2021 , 5 , 65 , 56 , 3 , 21.7 , 116.1 , 35 , 0 , 0 , 3 , 4 , 41.1 
KA Pollard,2020 , 12 , 268 , 140 , 5 , 53.6 , 191.4 , 60 , 1 , 0 , 15 , 22 , 27.1 
KA Pollard,2019 , 12 , 279 , 178 , 8 , 34.9 , 156.7 , 83 , 1 , 0 , 14 , 22 , 33.7 
A Zampa,2017 , 1 , 5 , 7 , 1 , 5.0 , 71.4 , 5 , 0 , 0 , 1 , 0 , 71.4 
A Zampa,2016 , 1 , 0 , 1 , 1 , 0.0 , 0.0 , 0 , 0 , 0 , 0 , 0 , 100.0 
DT Christian,2021 , 2 , 2 , 5 , 2 , 1.0 , 40.0 , 1 , 0 , 0 , 0 , 0 , 60.0 
DT Christian,2018 , 3 , 26 , 33 , 2 , 13.0 , 78.8 , 13 , 0 , 0 , 0 , 1 , 39.4 
DT Christian,2017 , 9 , 79 , 49 , 5 , 15.8 , 161.2 , 17 , 0 , 0 , 5 , 5 , 34.7 
MS Bisla,2015 , 2 , 37 , 30 , 2 , 18.5 , 123.3 , 20 , 0 , 0 , 6 , 1 , 60.0 
MS Bisla,2014 , 1 , 3 , 9 , 1 , 3.0 , 33.3 , 3 , 0 , 0 , 0 , 0 , 66.7 
MS Bisla,2013 , 14 , 255 , 236 , 13 , 19.6 , 108.1 , 92 , 2 , 0 , 36 , 6 , 53.4 
G Gambhir,2018 , 5 , 85 , 88 , 5 , 17.0 , 96.6 , 55 , 1 , 0 , 8 , 1 , 40.9 
G Gambhir,2017 , 16 , 498 , 389 , 12 , 41.5 , 128.0 , 76 , 4 , 0 , 62 , 7 , 34.7 
G Gambhir,2016 , 15 , 501 , 411 , 13 , 38.5 , 121.9 , 90 , 5 , 0 , 54 , 6 , 33.1 
WD Parnell,2014 , 1 , 2 , 2 , 1 , 2.0 , 100.0 , 2 , 0 , 0 , 0 , 0 , 50.0 
WD Parnell,2013 , 1 , 5 , 7 , 1 , 5.0 , 71.4 , 5 , 0 , 0 , 0 , 0 , 28.6 
WD Parnell,2012 , 5 , 19 , 27 , 4 , 4.8 , 70.4 , 11 , 0 , 0 , 2 , 0 , 51.9 
K Upadhyay,2013 , 1 , 1 , 1 , 0 , - , 100.0 , 1 , 0 , 0 , 0 , 0 , 0.0 
K Upadhyay,2012 , 1 , 11 , 8 , 0 , - , 137.5 , 11 , 0 , 0 , 0 , 1 , 37.5 
B Kumar,2021 , 2 , 3 , 4 , 1 , 3.0 , 75.0 , 2 , 0 , 0 , 0 , 0 , 25.0 
B Kumar,2020 , 1 , 0 , 2 , 1 , 0.0 , 0.0 , 0 , 0 , 0 , 0 , 0 , 100.0 
B Kumar,2019 , 4 , 12 , 19 , 3 , 4.0 , 63.2 , 7 , 0 , 0 , 1 , 0 , 52.6 
Parvez Rasool,2016 , 1 , 10 , 9 , 1 , 10.0 , 111.1 , 10 , 0 , 0 , 1 , 0 , 33.3 
Parvez Rasool,2015 , 1 , 2 , 2 , 0 , - , 100.0 , 2 , 0 , 0 , 0 , 0 , 0.0 
Parvez Rasool,2013 , 2 , 5 , 9 , 1 , 5.0 , 55.6 , 4 , 0 , 0 , 0 , 0 , 44.4 
JH Kallis,2014 , 7 , 151 , 129 , 6 , 25.2 , 117.1 , 72 , 1 , 0 , 13 , 4 , 39.5 
JH Kallis,2013 , 15 , 311 , 322 , 15 , 20.7 , 96.6 , 41 , 0 , 0 , 35 , 3 , 45.7 
JH Kallis,2012 , 17 , 409 , 384 , 16 , 25.6 , 106.5 , 79 , 2 , 0 , 34 , 10 , 37.8 
EJG Morgan,2021 , 4 , 45 , 40 , 5 , 9.0 , 112.5 , 29 , 0 , 0 , 3 , 2 , 40.0 
EJG Morgan,2020 , 14 , 418 , 302 , 10 , 41.8 , 138.4 , 68 , 1 , 0 , 32 , 24 , 39.4 
EJG Morgan,2017 , 4 , 65 , 62 , 4 , 16.2 , 104.8 , 26 , 0 , 0 , 6 , 2 , 40.3 
AD Mathews,2017 , 2 , 32 , 27 , 2 , 16.0 , 118.5 , 31 , 0 , 0 , 2 , 1 , 33.3 
AD Mathews,2015 , 10 , 144 , 104 , 7 , 20.6 , 138.5 , 28 , 0 , 0 , 12 , 6 , 32.7 
AD Mathews,2013 , 10 , 172 , 139 , 7 , 24.6 , 123.7 , 40 , 0 , 0 , 5 , 10 , 30.9 
MR Marsh,2020 , 1 , 0 , 1 , 1 , 0.0 , 0.0 , 0 , 0 , 0 , 0 , 0 , 100.0 
MR Marsh,2016 , 1 , 7 , 11 , 1 , 7.0 , 63.6 , 7 , 0 , 0 , 0 , 0 , 54.5 
MR Marsh,2013 , 8 , 140 , 106 , 7 , 20.0 , 132.1 , 38 , 0 , 0 , 6 , 10 , 36.8 
RN ten Doeschate,2015 , 5 , 61 , 45 , 3 , 20.3 , 135.6 , 38 , 0 , 0 , 4 , 3 , 33.3 
RN ten Doeschate,2014 , 6 , 52 , 33 , 4 , 13.0 , 157.6 , 25 , 0 , 0 , 3 , 4 , 36.4 
RN ten Doeschate,2013 , 4 , 85 , 63 , 3 , 28.3 , 134.9 , 42 , 0 , 0 , 9 , 2 , 28.6 
YK Pathan,2019 , 7 , 40 , 45 , 3 , 13.3 , 88.9 , 16 , 0 , 0 , 1 , 1 , 40.0 
YK Pathan,2018 , 13 , 260 , 200 , 9 , 28.9 , 130.0 , 45 , 0 , 0 , 22 , 11 , 38.0 
YK Pathan,2017 , 11 , 143 , 115 , 8 , 17.9 , 124.3 , 59 , 1 , 0 , 9 , 6 , 36.5 
R Bhatia,2017 , 1 , 16 , 17 , 1 , 16.0 , 94.1 , 16 , 0 , 0 , 0 , 1 , 41.2 
R Bhatia,2016 , 5 , 34 , 20 , 1 , 34.0 , 170.0 , 21 , 0 , 0 , 1 , 2 , 15.0 
R Bhatia,2015 , 1 , 0 , 1 , 1 , 0.0 , 0.0 , 0 , 0 , 0 , 0 , 0 , 100.0 
RV Uthappa,2020 , 12 , 196 , 164 , 12 , 16.3 , 119.5 , 41 , 0 , 0 , 19 , 7 , 42.1 
RV Uthappa,2019 , 11 , 282 , 245 , 9 , 31.3 , 115.1 , 67 , 1 , 0 , 28 , 10 , 43.3 
RV Uthappa,2018 , 16 , 351 , 265 , 16 , 21.9 , 132.5 , 54 , 1 , 0 , 30 , 21 , 43.8 
AJ Finch,2020 , 12 , 268 , 241 , 12 , 22.3 , 111.2 , 52 , 1 , 0 , 28 , 8 , 47.7 
AJ Finch,2018 , 9 , 134 , 100 , 8 , 16.8 , 134.0 , 46 , 0 , 0 , 6 , 8 , 30.0 
AJ Finch,2017 , 13 , 299 , 180 , 12 , 24.9 , 166.1 , 72 , 2 , 0 , 25 , 19 , 36.7 
Iqbal Abdulla,2017 , 1 , 5 , 7 , 0 , - , 71.4 , 5 , 0 , 0 , 0 , 0 , 42.9 
Iqbal Abdulla,2016 , 2 , 37 , 27 , 0 , - , 137.0 , 33 , 0 , 0 , 4 , 1 , 33.3 
Iqbal Abdulla,2015 , 2 , 20 , 18 , 2 , 10.0 , 111.1 , 20 , 0 , 0 , 4 , 0 , 55.6 
L Balaji,2014 , 2 , 1 , 3 , 1 , 1.0 , 33.3 , 1 , 0 , 0 , 0 , 0 , 66.7 
L Balaji,2013 , 2 , 9 , 10 , 1 , 9.0 , 90.0 , 9 , 0 , 0 , 1 , 0 , 50.0 
L Balaji,2011 , 2 , 4 , 2 , 0 , - , 200.0 , 3 , 0 , 0 , 0 , 0 , 0.0 
Yuvraj Singh,2019 , 4 , 98 , 75 , 4 , 24.5 , 130.7 , 53 , 1 , 0 , 7 , 6 , 40.0 
Yuvraj Singh,2018 , 6 , 65 , 73 , 6 , 10.8 , 89.0 , 20 , 0 , 0 , 6 , 2 , 54.8 
Yuvraj Singh,2017 , 11 , 252 , 177 , 9 , 28.0 , 142.4 , 70 , 2 , 0 , 30 , 8 , 36.7 
UA Birla,2013 , 1 , 7 , 14 , 1 , 7.0 , 50.0 , 7 , 0 , 0 , 1 , 0 , 71.4 
SP Narine,2021 , 2 , 10 , 10 , 2 , 5.0 , 100.0 , 6 , 0 , 0 , 2 , 0 , 60.0 
SP Narine,2020 , 9 , 121 , 85 , 9 , 13.4 , 142.4 , 64 , 1 , 0 , 10 , 8 , 47.1 
SP Narine,2019 , 8 , 143 , 86 , 8 , 17.9 , 166.3 , 47 , 0 , 0 , 17 , 9 , 53.5 
M Rawat,2013 , 1 , 5 , 11 , 1 , 5.0 , 45.5 , 5 , 0 , 0 , 0 , 0 , 54.5 
M Rawat,2009 , 3 , 16 , 19 , 0 , - , 84.2 , 8 , 0 , 0 , 1 , 0 , 31.6 
M Rawat,2008 , 7 , 34 , 39 , 4 , 8.5 , 87.2 , 23 , 0 , 0 , 3 , 1 , 53.8 
S Anirudha,2014 , 1 , 3 , 5 , 1 , 3.0 , 60.0 , 3 , 0 , 0 , 0 , 0 , 40.0 
S Anirudha,2013 , 1 , 0 , 2 , 1 , 0.0 , 0.0 , 0 , 0 , 0 , 0 , 0 , 100.0 
S Anirudha,2012 , 2 , 19 , 7 , 0 , - , 271.4 , 18 , 0 , 0 , 1 , 2 , 14.3 
M Vijay,2020 , 3 , 32 , 43 , 3 , 10.7 , 74.4 , 21 , 0 , 0 , 4 , 0 , 55.8 
M Vijay,2019 , 2 , 64 , 61 , 2 , 32.0 , 104.9 , 38 , 0 , 0 , 6 , 1 , 44.3 
M Vijay,2018 , 1 , 12 , 10 , 1 , 12.0 , 120.0 , 12 , 0 , 0 , 0 , 1 , 40.0 
P Kumar,2017 , 2 , 8 , 9 , 1 , 8.0 , 88.9 , 7 , 0 , 0 , 0 , 0 , 11.1 
P Kumar,2016 , 6 , 24 , 26 , 4 , 6.0 , 92.3 , 15 , 0 , 0 , 3 , 0 , 46.2 
P Kumar,2015 , 4 , 17 , 25 , 3 , 5.7 , 68.0 , 12 , 0 , 0 , 1 , 0 , 48.0 
SK Raina,2021 , 4 , 104 , 78 , 4 , 26.0 , 133.3 , 54 , 1 , 0 , 6 , 8 , 46.2 
SK Raina,2019 , 17 , 383 , 314 , 16 , 23.9 , 122.0 , 59 , 3 , 0 , 45 , 9 , 37.9 
SK Raina,2018 , 15 , 445 , 336 , 12 , 37.1 , 132.4 , 75 , 4 , 0 , 46 , 12 , 31.5 
S Badrinath,2013 , 7 , 124 , 121 , 7 , 17.7 , 102.5 , 34 , 0 , 0 , 11 , 0 , 36.4 
S Badrinath,2012 , 9 , 196 , 181 , 7 , 28.0 , 108.3 , 57 , 1 , 0 , 23 , 2 , 41.4 
S Badrinath,2011 , 12 , 396 , 313 , 7 , 56.6 , 126.5 , 71 , 5 , 0 , 38 , 9 , 32.3 
RJ Harris,2013 , 2 , 2 , 5 , 1 , 2.0 , 40.0 , 2 , 0 , 0 , 0 , 0 , 60.0 
RJ Harris,2012 , 2 , 18 , 11 , 1 , 18.0 , 163.6 , 15 , 0 , 0 , 1 , 1 , 27.3 
RJ Harris,2011 , 7 , 31 , 39 , 5 , 6.2 , 79.5 , 17 , 0 , 0 , 3 , 0 , 48.7 
R McLaren,2013 , 2 , 3 , 6 , 2 , 1.5 , 50.0 , 2 , 0 , 0 , 0 , 0 , 66.7 
R McLaren,2011 , 4 , 90 , 96 , 3 , 30.0 , 93.8 , 51 , 1 , 0 , 7 , 1 , 37.5 
R McLaren,2010 , 7 , 66 , 69 , 3 , 22.0 , 95.7 , 40 , 0 , 0 , 7 , 0 , 42.0 
PP Chawla,2019 , 5 , 42 , 37 , 3 , 14.0 , 113.5 , 14 , 0 , 0 , 4 , 2 , 51.4 
PP Chawla,2018 , 5 , 27 , 34 , 4 , 6.8 , 79.4 , 12 , 0 , 0 , 1 , 1 , 47.1 
PP Chawla,2017 , 1 , 2 , 6 , 1 , 2.0 , 33.3 , 2 , 0 , 0 , 0 , 0 , 66.7 
AM Nayar,2014 , 4 , 43 , 47 , 3 , 14.3 , 91.5 , 23 , 0 , 0 , 5 , 1 , 61.7 
AM Nayar,2013 , 9 , 66 , 73 , 6 , 11.0 , 90.4 , 25 , 0 , 0 , 5 , 0 , 38.4 
AM Nayar,2012 , 4 , 45 , 49 , 3 , 15.0 , 91.8 , 24 , 0 , 0 , 2 , 1 , 36.7 
BA Bhatt,2012 , 1 , 6 , 2 , 0 , - , 300.0 , 6 , 0 , 0 , 0 , 1 , 50.0 
BA Bhatt,2011 , 1 , 0 , 5 , 1 , 0.0 , 0.0 , 0 , 0 , 0 , 0 , 0 , 100.0 
PC Valthaty,2013 , 1 , 6 , 17 , 1 , 6.0 , 35.3 , 6 , 0 , 0 , 0 , 0 , 70.6 
PC Valthaty,2012 , 6 , 30 , 51 , 6 , 5.0 , 58.8 , 13 , 0 , 0 , 4 , 0 , 68.6 
PC Valthaty,2011 , 14 , 463 , 338 , 13 , 35.6 , 137.0 , 120 , 2 , 1 , 56 , 20 , 47.3 
AC Gilchrist,2013 , 13 , 294 , 229 , 12 , 24.5 , 128.4 , 85 , 1 , 0 , 41 , 6 , 44.5 
AC Gilchrist,2012 , 7 , 172 , 143 , 5 , 34.4 , 120.3 , 64 , 1 , 0 , 21 , 4 , 43.4 
AC Gilchrist,2011 , 14 , 383 , 295 , 14 , 27.4 , 129.8 , 106 , 2 , 1 , 41 , 18 , 48.1 
R Ashwin,2021 , 1 , 7 , 4 , 1 , 7.0 , 175.0 , 7 , 0 , 0 , 1 , 0 , 25.0 
R Ashwin,2020 , 5 , 37 , 34 , 3 , 12.3 , 108.8 , 14 , 0 , 0 , 3 , 1 , 44.1 
R Ashwin,2019 , 6 , 42 , 28 , 5 , 8.4 , 150.0 , 17 , 0 , 0 , 3 , 3 , 35.7 
TG Southee,2019 , 1 , 9 , 9 , 0 , - , 100.0 , 9 , 0 , 0 , 0 , 0 , 22.2 
TG Southee,2018 , 4 , 52 , 46 , 2 , 26.0 , 113.0 , 36 , 0 , 0 , 5 , 1 , 45.7 
TG Southee,2017 , 1 , 7 , 3 , 1 , 7.0 , 233.3 , 7 , 0 , 0 , 0 , 1 , 33.3 
JA Morkel,2016 , 1 , 16 , 9 , 1 , 16.0 , 177.8 , 16 , 0 , 0 , 0 , 2 , 33.3 
JA Morkel,2015 , 3 , 86 , 65 , 1 , 86.0 , 132.3 , 73 , 1 , 0 , 9 , 2 , 32.3 
JA Morkel,2014 , 5 , 45 , 41 , 3 , 15.0 , 109.8 , 16 , 0 , 0 , 1 , 3 , 46.3 
SE Marsh,2017 , 8 , 264 , 194 , 8 , 33.0 , 136.1 , 84 , 2 , 0 , 36 , 5 , 37.1 
SE Marsh,2016 , 6 , 159 , 134 , 5 , 31.8 , 118.7 , 56 , 1 , 0 , 13 , 4 , 33.6 
SE Marsh,2015 , 4 , 81 , 58 , 4 , 20.2 , 139.7 , 65 , 1 , 0 , 7 , 3 , 36.2 
S Randiv,2011 , 1 , 2 , 4 , 1 , 2.0 , 50.0 , 2 , 0 , 0 , 0 , 0 , 75.0 
SB Styris,2011 , 1 , 5 , 2 , 0 , - , 250.0 , 5 , 0 , 0 , 1 , 0 , 0.0 
SB Styris,2009 , 1 , 14 , 8 , 1 , 14.0 , 175.0 , 14 , 0 , 0 , 0 , 1 , 12.5 
SB Styris,2008 , 8 , 112 , 123 , 6 , 18.7 , 91.1 , 36 , 0 , 0 , 9 , 2 , 41.5 
Sunny Singh,2011 , 5 , 43 , 31 , 4 , 10.8 , 138.7 , 20 , 0 , 0 , 6 , 1 , 38.7 
SB Jakati,2016 , 1 , 1 , 2 , 0 , - , 50.0 , 1 , 0 , 0 , 0 , 0 , 50.0 
SB Jakati,2012 , 2 , 7 , 12 , 0 , - , 58.3 , 6 , 0 , 0 , 0 , 0 , 41.7 
SB Jakati,2009 , 2 , 20 , 15 , 1 , 20.0 , 133.3 , 13 , 0 , 0 , 3 , 0 , 33.3 
KD Karthik,2021 , 5 , 97 , 73 , 3 , 32.3 , 132.9 , 40 , 0 , 0 , 10 , 3 , 32.9 
KD Karthik,2020 , 14 , 169 , 134 , 12 , 14.1 , 126.1 , 58 , 1 , 0 , 20 , 4 , 41.8 
KD Karthik,2019 , 12 , 253 , 173 , 8 , 31.6 , 146.2 , 97 , 2 , 0 , 22 , 14 , 35.8 
MK Pandey,2021 , 3 , 101 , 90 , 2 , 50.5 , 112.2 , 61 , 1 , 0 , 4 , 5 , 40.0 
MK Pandey,2020 , 15 , 425 , 333 , 13 , 32.7 , 127.6 , 83 , 3 , 0 , 35 , 18 , 37.2 
MK Pandey,2019 , 11 , 344 , 263 , 8 , 43.0 , 130.8 , 83 , 3 , 0 , 34 , 6 , 28.1 
T Thushara,2010 , 2 , 10 , 11 , 1 , 10.0 , 90.9 , 8 , 0 , 0 , 0 , 0 , 36.4 
T Thushara,2009 , 2 , 2 , 7 , 1 , 2.0 , 28.6 , 1 , 0 , 0 , 0 , 0 , 71.4 
MS Gony,2013 , 4 , 45 , 25 , 4 , 11.2 , 180.0 , 42 , 0 , 0 , 4 , 3 , 40.0 
MS Gony,2012 , 1 , 4 , 8 , 1 , 4.0 , 50.0 , 4 , 0 , 0 , 0 , 0 , 50.0 
MS Gony,2011 , 2 , 0 , 2 , 1 , 0.0 , 0.0 , 0 , 0 , 0 , 0 , 0 , 100.0 
V Kohli,2021 , 4 , 143 , 111 , 3 , 47.7 , 128.8 , 72 , 1 , 0 , 15 , 3 , 31.5 
V Kohli,2020 , 15 , 466 , 384 , 11 , 42.4 , 121.4 , 90 , 3 , 0 , 23 , 11 , 26.0 
V Kohli,2019 , 14 , 464 , 328 , 14 , 33.1 , 141.5 , 100 , 2 , 1 , 46 , 13 , 28.4 
M Muralitharan,2012 , 2 , 6 , 9 , 2 , 3.0 , 66.7 , 6 , 0 , 0 , 0 , 0 , 66.7 
M Muralitharan,2011 , 1 , 5 , 8 , 0 , - , 62.5 , 5 , 0 , 0 , 0 , 0 , 50.0 
M Muralitharan,2010 , 1 , 1 , 2 , 1 , 1.0 , 50.0 , 1 , 0 , 0 , 0 , 0 , 50.0 
KP Pietersen,2016 , 4 , 73 , 61 , 2 , 36.5 , 119.7 , 37 , 0 , 0 , 4 , 3 , 34.4 
KP Pietersen,2014 , 11 , 294 , 233 , 10 , 29.4 , 126.2 , 58 , 1 , 0 , 34 , 7 , 38.6 
KP Pietersen,2012 , 8 , 305 , 207 , 5 , 61.0 , 147.3 , 103 , 1 , 1 , 22 , 20 , 37.7 
CL White,2013 , 13 , 209 , 191 , 12 , 17.4 , 109.4 , 52 , 1 , 0 , 18 , 7 , 41.9 
CL White,2012 , 13 , 479 , 320 , 11 , 43.5 , 149.7 , 78 , 5 , 0 , 41 , 20 , 27.8 
CL White,2011 , 6 , 104 , 109 , 4 , 26.0 , 95.4 , 31 , 0 , 0 , 6 , 2 , 39.4 
ML Hayden,2010 , 16 , 346 , 279 , 16 , 21.6 , 124.0 , 93 , 1 , 0 , 37 , 16 , 49.1 
ML Hayden,2009 , 12 , 572 , 395 , 11 , 52.0 , 144.8 , 89 , 5 , 0 , 60 , 22 , 37.2 
ML Hayden,2008 , 4 , 189 , 131 , 3 , 63.0 , 144.3 , 81 , 2 , 0 , 24 , 6 , 37.4 
DW Steyn,2020 , 1 , 1 , 2 , 0 , - , 50.0 , 1 , 0 , 0 , 0 , 0 , 50.0 
DW Steyn,2016 , 1 , 1 , 2 , 1 , 1.0 , 50.0 , 1 , 0 , 0 , 0 , 0 , 50.0 
DW Steyn,2015 , 3 , 20 , 13 , 1 , 20.0 , 153.8 , 19 , 0 , 0 , 3 , 0 , 23.1 
A Kumble,2010 , 5 , 6 , 11 , 0 , - , 54.5 , 2 , 0 , 0 , 0 , 0 , 45.5 
A Kumble,2009 , 6 , 16 , 19 , 1 , 16.0 , 84.2 , 7 , 0 , 0 , 2 , 0 , 47.4 
A Kumble,2008 , 4 , 13 , 17 , 2 , 6.5 , 76.5 , 8 , 0 , 0 , 1 , 0 , 47.1 
R Vinay Kumar,2018 , 1 , 6 , 3 , 0 , - , 200.0 , 6 , 0 , 0 , 1 , 0 , 0.0 
R Vinay Kumar,2016 , 2 , 13 , 12 , 1 , 13.0 , 108.3 , 12 , 0 , 0 , 0 , 1 , 41.7 
R Vinay Kumar,2015 , 2 , 0 , 2 , 1 , 0.0 , 0.0 , 0 , 0 , 0 , 0 , 0 , 100.0 
CA Pujara,2014 , 6 , 125 , 124 , 5 , 25.0 , 100.8 , 40 , 0 , 0 , 17 , 0 , 46.8 
CA Pujara,2013 , 4 , 92 , 99 , 4 , 23.0 , 92.9 , 51 , 1 , 0 , 14 , 0 , 53.5 
CA Pujara,2012 , 3 , 17 , 22 , 3 , 5.7 , 77.3 , 11 , 0 , 0 , 1 , 1 , 68.2 
V Sehwag,2015 , 8 , 99 , 84 , 8 , 12.4 , 117.9 , 47 , 0 , 0 , 12 , 3 , 42.9 
V Sehwag,2014 , 17 , 455 , 315 , 17 , 26.8 , 144.4 , 122 , 1 , 1 , 56 , 18 , 43.2 
V Sehwag,2013 , 13 , 295 , 233 , 12 , 24.6 , 126.6 , 95 , 1 , 0 , 41 , 6 , 44.2 
IK Pathan,2017 , 1 , 2 , 3 , 1 , 2.0 , 66.7 , 2 , 0 , 0 , 0 , 0 , 33.3 
IK Pathan,2016 , 3 , 11 , 13 , 3 , 3.7 , 84.6 , 7 , 0 , 0 , 0 , 0 , 23.1 
IK Pathan,2014 , 6 , 55 , 54 , 2 , 27.5 , 101.9 , 23 , 0 , 0 , 5 , 0 , 37.0 
A Mishra,2019 , 4 , 21 , 24 , 2 , 10.5 , 87.5 , 8 , 0 , 0 , 2 , 0 , 45.8 
A Mishra,2018 , 1 , 1 , 2 , 0 , - , 50.0 , 1 , 0 , 0 , 0 , 0 , 50.0 
A Mishra,2017 , 6 , 49 , 52 , 1 , 49.0 , 94.2 , 13 , 0 , 0 , 2 , 2 , 42.3 
GJ Maxwell,2021 , 3 , 176 , 118 , 3 , 58.7 , 149.2 , 78 , 2 , 0 , 17 , 8 , 32.2 
GJ Maxwell,2020 , 11 , 108 , 106 , 7 , 15.4 , 101.9 , 32 , 0 , 0 , 9 , 0 , 34.9 
GJ Maxwell,2018 , 12 , 169 , 120 , 12 , 14.1 , 140.8 , 47 , 0 , 0 , 14 , 9 , 40.0 
DJG Sammy,2015 , 2 , 13 , 18 , 2 , 6.5 , 72.2 , 7 , 0 , 0 , 0 , 0 , 27.8 
DJG Sammy,2014 , 9 , 108 , 91 , 7 , 15.4 , 118.7 , 29 , 0 , 0 , 4 , 8 , 46.2 
DJG Sammy,2013 , 9 , 174 , 132 , 6 , 29.0 , 131.8 , 60 , 1 , 0 , 11 , 10 , 38.6 
DA Miller,2021 , 4 , 88 , 73 , 3 , 29.3 , 120.5 , 62 , 1 , 0 , 10 , 2 , 39.7 
DA Miller,2019 , 10 , 210 , 164 , 8 , 26.2 , 128.0 , 59 , 1 , 0 , 19 , 7 , 32.3 
DA Miller,2018 , 3 , 74 , 64 , 2 , 37.0 , 115.6 , 26 , 0 , 0 , 3 , 2 , 28.1 
GJ Bailey,2016 , 5 , 84 , 98 , 4 , 21.0 , 85.7 , 34 , 0 , 0 , 9 , 2 , 55.1 
GJ Bailey,2015 , 12 , 259 , 190 , 11 , 23.5 , 136.3 , 61 , 2 , 0 , 22 , 7 , 27.4 
GJ Bailey,2014 , 16 , 257 , 190 , 9 , 28.6 , 135.3 , 40 , 0 , 0 , 19 , 10 , 31.6 
MG Johnson,2018 , 2 , 16 , 11 , 0 , - , 145.5 , 12 , 0 , 0 , 2 , 0 , 18.2 
MG Johnson,2017 , 2 , 20 , 17 , 0 , - , 117.6 , 13 , 0 , 0 , 1 , 1 , 41.2 
MG Johnson,2016 , 2 , 5 , 14 , 2 , 2.5 , 35.7 , 4 , 0 , 0 , 0 , 0 , 71.4 
AR Patel,2020 , 9 , 113 , 85 , 8 , 14.1 , 132.9 , 42 , 0 , 0 , 6 , 8 , 34.1 
AR Patel,2019 , 12 , 110 , 88 , 6 , 18.3 , 125.0 , 26 , 0 , 0 , 10 , 3 , 33.0 
AR Patel,2018 , 8 , 80 , 69 , 6 , 13.3 , 115.9 , 19 , 0 , 0 , 3 , 4 , 29.0 
S Dhawan,2021 , 5 , 259 , 182 , 5 , 51.8 , 142.3 , 92 , 2 , 0 , 32 , 5 , 30.8 
S Dhawan,2020 , 17 , 618 , 427 , 14 , 44.1 , 144.7 , 106 , 4 , 2 , 67 , 13 , 26.7 
S Dhawan,2019 , 16 , 521 , 384 , 15 , 34.7 , 135.7 , 97 , 5 , 0 , 64 , 11 , 34.9 
Sandeep Sharma,2020 , 5 , 12 , 15 , 2 , 6.0 , 80.0 , 9 , 0 , 0 , 1 , 0 , 46.7 
Sandeep Sharma,2019 , 2 , 6 , 3 , 0 , - , 200.0 , 5 , 0 , 0 , 1 , 0 , 0.0 
Sandeep Sharma,2018 , 3 , 0 , 4 , 2 , 0.0 , 0.0 , 0 , 0 , 0 , 0 , 0 , 100.0 
DA Warner,2021 , 5 , 136 , 120 , 5 , 27.2 , 113.3 , 54 , 1 , 0 , 12 , 4 , 44.2 
DA Warner,2020 , 16 , 548 , 407 , 14 , 39.1 , 134.6 , 85 , 4 , 0 , 52 , 14 , 33.4 
DA Warner,2019 , 12 , 692 , 481 , 10 , 69.2 , 143.9 , 100 , 8 , 1 , 57 , 21 , 29.1 
KL Rahul,2021 , 5 , 221 , 166 , 4 , 55.2 , 133.1 , 91 , 3 , 0 , 18 , 10 , 34.9 
KL Rahul,2020 , 14 , 668 , 518 , 12 , 55.7 , 129.0 , 130 , 5 , 1 , 58 , 23 , 33.8 
KL Rahul,2019 , 14 , 593 , 438 , 11 , 53.9 , 135.4 , 100 , 6 , 1 , 49 , 25 , 34.9 
Y Venugopal Rao,2014 , 5 , 71 , 63 , 3 , 23.7 , 112.7 , 27 , 0 , 0 , 8 , 0 , 36.5 
Y Venugopal Rao,2012 , 7 , 132 , 126 , 6 , 22.0 , 104.8 , 36 , 0 , 0 , 8 , 5 , 39.7 
Y Venugopal Rao,2011 , 14 , 336 , 280 , 12 , 28.0 , 120.0 , 60 , 1 , 0 , 30 , 13 , 40.7 
R Dhawan,2016 , 2 , 14 , 6 , 0 , - , 233.3 , 11 , 0 , 0 , 0 , 1 , 0.0 
R Dhawan,2015 , 4 , 36 , 33 , 2 , 18.0 , 109.1 , 25 , 0 , 0 , 2 , 2 , 45.5 
R Dhawan,2014 , 6 , 82 , 75 , 2 , 41.0 , 109.3 , 23 , 0 , 0 , 8 , 1 , 40.0 
DR Smith,2017 , 11 , 239 , 156 , 11 , 21.7 , 153.2 , 74 , 2 , 0 , 32 , 8 , 37.8 
DR Smith,2016 , 12 , 324 , 221 , 11 , 29.5 , 146.6 , 73 , 3 , 0 , 35 , 16 , 41.2 
DR Smith,2015 , 16 , 399 , 335 , 16 , 24.9 , 119.1 , 62 , 2 , 0 , 52 , 16 , 54.6 
BB McCullum,2018 , 6 , 127 , 88 , 6 , 21.2 , 144.3 , 43 , 0 , 0 , 16 , 6 , 45.5 
BB McCullum,2017 , 11 , 319 , 217 , 11 , 29.0 , 147.0 , 72 , 2 , 0 , 29 , 18 , 38.2 
BB McCullum,2016 , 16 , 354 , 262 , 16 , 22.1 , 135.1 , 60 , 1 , 0 , 38 , 16 , 42.7 
JP Duminy,2018 , 2 , 36 , 40 , 1 , 36.0 , 90.0 , 23 , 0 , 0 , 3 , 1 , 52.5 
JP Duminy,2016 , 8 , 191 , 156 , 5 , 38.2 , 122.4 , 49 , 0 , 0 , 13 , 3 , 24.4 
JP Duminy,2015 , 13 , 414 , 315 , 10 , 41.4 , 131.4 , 78 , 4 , 0 , 27 , 20 , 34.3 
Mohammed Shami,2021 , 2 , 12 , 15 , 1 , 12.0 , 80.0 , 9 , 0 , 0 , 0 , 0 , 40.0 
Mohammed Shami,2020 , 2 , 2 , 3 , 1 , 2.0 , 66.7 , 2 , 0 , 0 , 0 , 0 , 33.3 
Mohammed Shami,2019 , 2 , 1 , 2 , 1 , 1.0 , 50.0 , 1 , 0 , 0 , 0 , 0 , 50.0 
S Nadeem,2021 , 1 , 0 , 1 , 1 , 0.0 , 0.0 , 0 , 0 , 0 , 0 , 0 , 100.0 
S Nadeem,2020 , 2 , 7 , 8 , 1 , 7.0 , 87.5 , 5 , 0 , 0 , 1 , 0 , 50.0 
S Nadeem,2018 , 1 , 6 , 8 , 0 , - , 75.0 , 6 , 0 , 0 , 0 , 0 , 25.0 
JDS Neesham,2020 , 3 , 19 , 18 , 2 , 9.5 , 105.6 , 10 , 0 , 0 , 0 , 1 , 33.3 
JDS Neesham,2014 , 3 , 42 , 46 , 3 , 14.0 , 91.3 , 22 , 0 , 0 , 3 , 1 , 54.3 
F du Plessis,2021 , 5 , 214 , 154 , 3 , 71.3 , 139.0 , 95 , 2 , 0 , 22 , 8 , 35.1 
F du Plessis,2020 , 13 , 449 , 319 , 11 , 40.8 , 140.8 , 87 , 4 , 0 , 42 , 14 , 31.0 
F du Plessis,2019 , 12 , 396 , 321 , 11 , 36.0 , 123.4 , 96 , 3 , 0 , 36 , 15 , 38.9 
RA Jadeja,2021 , 4 , 98 , 53 , 1 , 98.0 , 184.9 , 58 , 1 , 0 , 7 , 6 , 22.6 
RA Jadeja,2020 , 11 , 232 , 135 , 5 , 46.4 , 171.9 , 50 , 1 , 0 , 22 , 11 , 27.4 
RA Jadeja,2019 , 9 , 106 , 88 , 3 , 35.3 , 120.5 , 31 , 0 , 0 , 7 , 4 , 38.6 
M Manhas,2014 , 5 , 35 , 23 , 2 , 17.5 , 152.2 , 13 , 0 , 0 , 3 , 1 , 30.4 
M Manhas,2013 , 2 , 13 , 17 , 0 , - , 76.5 , 11 , 0 , 0 , 1 , 0 , 47.1 
M Manhas,2012 , 7 , 120 , 96 , 4 , 30.0 , 125.0 , 42 , 0 , 0 , 10 , 4 , 34.4 
MA Agarwal,2021 , 5 , 130 , 92 , 5 , 26.0 , 141.3 , 69 , 1 , 0 , 15 , 5 , 42.4 
MA Agarwal,2020 , 11 , 423 , 271 , 11 , 38.5 , 156.1 , 105 , 2 , 1 , 44 , 15 , 29.2 
MA Agarwal,2019 , 13 , 332 , 234 , 13 , 25.5 , 141.9 , 58 , 2 , 0 , 26 , 14 , 31.2 
IC Pandey,2013 , 1 , 0 , 2 , 1 , 0.0 , 0.0 , 0 , 0 , 0 , 0 , 0 , 100.0 
MM Sharma,2019 , 1 , 0 , 2 , 0 , - , 0.0 , 0 , 0 , 0 , 0 , 0 , 100.0 
MM Sharma,2018 , 4 , 10 , 13 , 1 , 10.0 , 76.9 , 4 , 0 , 0 , 1 , 0 , 46.2 
MM Sharma,2017 , 7 , 51 , 50 , 6 , 8.5 , 102.0 , 13 , 0 , 0 , 4 , 1 , 40.0 
LRPL Taylor,2014 , 4 , 59 , 59 , 3 , 19.7 , 100.0 , 43 , 0 , 0 , 6 , 0 , 35.6 
LRPL Taylor,2013 , 5 , 63 , 76 , 5 , 12.6 , 82.9 , 19 , 0 , 0 , 2 , 1 , 44.7 
LRPL Taylor,2012 , 12 , 197 , 171 , 10 , 19.7 , 115.2 , 55 , 1 , 0 , 12 , 7 , 35.7 
SR Tendulkar,2013 , 14 , 287 , 231 , 13 , 22.1 , 124.2 , 54 , 1 , 0 , 39 , 5 , 42.9 
SR Tendulkar,2012 , 13 , 324 , 283 , 11 , 29.5 , 114.5 , 74 , 2 , 0 , 39 , 4 , 41.0 
SR Tendulkar,2011 , 16 , 553 , 488 , 13 , 42.5 , 113.3 , 100 , 2 , 1 , 67 , 5 , 39.8 
SS Tiwary,2020 , 5 , 103 , 80 , 5 , 20.6 , 128.8 , 42 , 0 , 0 , 8 , 3 , 30.0 
SS Tiwary,2017 , 1 , 52 , 43 , 1 , 52.0 , 120.9 , 52 , 1 , 0 , 9 , 0 , 41.9 
SS Tiwary,2016 , 7 , 170 , 141 , 7 , 24.3 , 120.6 , 57 , 2 , 0 , 17 , 4 , 36.9 
R Dravid,2013 , 17 , 471 , 425 , 16 , 29.4 , 110.8 , 65 , 4 , 0 , 64 , 5 , 47.1 
R Dravid,2012 , 16 , 462 , 412 , 16 , 28.9 , 112.1 , 58 , 2 , 0 , 63 , 4 , 45.1 
R Dravid,2011 , 12 , 343 , 314 , 11 , 31.2 , 109.2 , 66 , 1 , 0 , 45 , 2 , 43.9 
Z Khan,2017 , 3 , 4 , 13 , 1 , 4.0 , 30.8 , 2 , 0 , 0 , 0 , 0 , 69.2 
Z Khan,2016 , 2 , 6 , 13 , 2 , 3.0 , 46.2 , 4 , 0 , 0 , 1 , 0 , 76.9 
Z Khan,2014 , 3 , 8 , 7 , 1 , 8.0 , 114.3 , 7 , 0 , 0 , 0 , 1 , 57.1 
CRD Fernando,2010 , 1 , 2 , 2 , 0 , - , 100.0 , 2 , 0 , 0 , 0 , 0 , 0.0 
CRD Fernando,2008 , 1 , 2 , 1 , 0 , - , 200.0 , 2 , 0 , 0 , 0 , 0 , 0.0 
Harbhajan Singh,2021 , 2 , 3 , 3 , 0 , - , 100.0 , 2 , 0 , 0 , 0 , 0 , 33.3 
Harbhajan Singh,2019 , 1 , 1 , 3 , 1 , 1.0 , 33.3 , 1 , 0 , 0 , 0 , 0 , 66.7 
Harbhajan Singh,2018 , 3 , 29 , 36 , 3 , 9.7 , 80.6 , 19 , 0 , 0 , 3 , 1 , 61.1 
JM Bairstow,2021 , 5 , 211 , 149 , 4 , 52.8 , 141.6 , 63 , 2 , 0 , 15 , 14 , 42.3 
JM Bairstow,2020 , 11 , 345 , 272 , 11 , 31.4 , 126.8 , 97 , 3 , 0 , 31 , 13 , 42.6 
JM Bairstow,2019 , 10 , 445 , 283 , 8 , 55.6 , 157.2 , 114 , 2 , 1 , 48 , 18 , 33.2 
SS Cottrell,2020 , 1 , 0 , 2 , 1 , 0.0 , 0.0 , 0 , 0 , 0 , 0 , 0 , 100.0 
Mujeeb Ur Rahman,2021 , 1 , 1 , 1 , 0 , - , 100.0 , 1 , 0 , 0 , 0 , 0 , 0.0 
Mujeeb Ur Rahman,2020 , 1 , 1 , 3 , 1 , 1.0 , 33.3 , 1 , 0 , 0 , 0 , 0 , 66.7 
Mujeeb Ur Rahman,2019 , 2 , 0 , 4 , 1 , 0.0 , 0.0 , 0 , 0 , 0 , 0 , 0 , 100.0 
Ravi Bishnoi,2020 , 2 , 7 , 12 , 1 , 7.0 , 58.3 , 6 , 0 , 0 , 1 , 0 , 66.7 
Arshdeep Singh,2021 , 1 , 1 , 2 , 0 , - , 50.0 , 1 , 0 , 0 , 0 , 0 , 50.0 
Arshdeep Singh,2020 , 1 , 0 , 3 , 1 , 0.0 , 0.0 , 0 , 0 , 0 , 0 , 0 , 100.0 
Abdul Samad,2021 , 3 , 26 , 18 , 2 , 13.0 , 144.4 , 19 , 0 , 0 , 1 , 2 , 38.9 
Abdul Samad,2020 , 7 , 111 , 65 , 5 , 22.2 , 170.8 , 33 , 0 , 0 , 8 , 6 , 27.7 
KS Williamson,2021 , 2 , 82 , 70 , 0 , - , 117.1 , 66 , 1 , 0 , 8 , 0 , 30.0 
KS Williamson,2020 , 11 , 317 , 237 , 7 , 45.3 , 133.8 , 67 , 3 , 0 , 26 , 10 , 28.3 
KS Williamson,2019 , 9 , 156 , 130 , 7 , 22.3 , 120.0 , 70 , 1 , 0 , 12 , 5 , 34.6 
PK Garg,2020 , 10 , 133 , 111 , 9 , 14.8 , 119.8 , 51 , 1 , 0 , 9 , 4 , 36.0 
Abhishek Sharma,2021 , 2 , 7 , 10 , 2 , 3.5 , 70.0 , 5 , 0 , 0 , 0 , 0 , 50.0 
Abhishek Sharma,2020 , 7 , 71 , 56 , 5 , 14.2 , 126.8 , 31 , 0 , 0 , 6 , 3 , 37.5 
Abhishek Sharma,2019 , 3 , 9 , 9 , 2 , 4.5 , 100.0 , 5 , 0 , 0 , 1 , 0 , 33.3 
Rashid Khan,2021 , 3 , 17 , 11 , 3 , 5.7 , 154.5 , 17 , 0 , 0 , 1 , 1 , 45.5 
Rashid Khan,2020 , 6 , 35 , 30 , 4 , 8.8 , 116.7 , 14 , 0 , 0 , 3 , 2 , 53.3 
Rashid Khan,2019 , 7 , 34 , 23 , 5 , 6.8 , 147.8 , 17 , 0 , 0 , 2 , 2 , 34.8 
KK Ahmed,2021 , 1 , 1 , 2 , 1 , 1.0 , 50.0 , 1 , 0 , 0 , 0 , 0 , 50.0 
KK Ahmed,2020 , 1 , 0 , 2 , 1 , 0.0 , 0.0 , 0 , 0 , 0 , 0 , 0 , 100.0 
KK Ahmed,2019 , 1 , 0 , 1 , 1 , 0.0 , 0.0 , 0 , 0 , 0 , 0 , 0 , 100.0 
T Natarajan,2020 , 2 , 3 , 5 , 0 , - , 60.0 , 3 , 0 , 0 , 0 , 0 , 40.0 
N Pooran,2021 , 3 , 9 , 11 , 4 , 2.2 , 81.8 , 9 , 0 , 0 , 1 , 0 , 45.5 
N Pooran,2020 , 14 , 353 , 208 , 10 , 35.3 , 169.7 , 77 , 2 , 0 , 23 , 25 , 33.7 
N Pooran,2019 , 6 , 168 , 107 , 6 , 28.0 , 157.0 , 48 , 0 , 0 , 10 , 14 , 43.0 
Mandeep Singh,2020 , 7 , 130 , 109 , 6 , 21.7 , 119.3 , 66 , 1 , 0 , 10 , 4 , 38.5 
Mandeep Singh,2019 , 12 , 165 , 120 , 4 , 41.2 , 137.5 , 33 , 0 , 0 , 10 , 4 , 16.7 
Mandeep Singh,2018 , 13 , 252 , 186 , 10 , 25.2 , 135.5 , 47 , 0 , 0 , 16 , 11 , 30.1 
CA Lynn,2021 , 1 , 49 , 35 , 1 , 49.0 , 140.0 , 49 , 0 , 0 , 4 , 3 , 40.0 
CA Lynn,2019 , 13 , 405 , 290 , 13 , 31.2 , 139.7 , 82 , 4 , 0 , 41 , 22 , 43.8 
CA Lynn,2018 , 16 , 491 , 377 , 15 , 32.7 , 130.2 , 74 , 3 , 0 , 56 , 18 , 42.4 
Shubman Gill,2021 , 5 , 80 , 66 , 5 , 16.0 , 121.2 , 33 , 0 , 0 , 9 , 4 , 54.5 
Shubman Gill,2020 , 14 , 440 , 373 , 13 , 33.8 , 118.0 , 70 , 3 , 0 , 44 , 9 , 35.9 
Shubman Gill,2019 , 13 , 296 , 238 , 9 , 32.9 , 124.4 , 76 , 3 , 0 , 21 , 10 , 31.9 
N Rana,2021 , 5 , 186 , 151 , 5 , 37.2 , 123.2 , 80 , 2 , 0 , 20 , 8 , 45.0 
N Rana,2020 , 14 , 352 , 254 , 14 , 25.1 , 138.6 , 87 , 3 , 0 , 43 , 12 , 40.2 
N Rana,2019 , 11 , 344 , 235 , 10 , 34.4 , 146.4 , 85 , 3 , 0 , 27 , 21 , 40.0 
RK Singh,2020 , 1 , 11 , 11 , 1 , 11.0 , 100.0 , 11 , 0 , 0 , 1 , 0 , 27.3 
RK Singh,2019 , 3 , 37 , 34 , 2 , 18.5 , 108.8 , 30 , 0 , 0 , 1 , 2 , 35.3 
RK Singh,2018 , 4 , 29 , 31 , 4 , 7.2 , 93.5 , 16 , 0 , 0 , 4 , 0 , 48.4 
AD Russell,2021 , 5 , 108 , 69 , 5 , 21.6 , 156.5 , 54 , 1 , 0 , 8 , 9 , 43.5 
AD Russell,2020 , 9 , 117 , 81 , 9 , 13.0 , 144.4 , 25 , 0 , 0 , 9 , 9 , 45.7 
AD Russell,2019 , 13 , 510 , 249 , 9 , 56.7 , 204.8 , 80 , 4 , 0 , 31 , 52 , 38.6 
Y Prithvi Raj,2019 , 1 , 0 , 1 , 0 , - , 0.0 , 0 , 0 , 0 , 0 , 0 , 100.0 
KC Cariappa,2019 , 1 , 9 , 3 , 0 , - , 300.0 , 9 , 0 , 0 , 0 , 1 , 0.0 
KC Cariappa,2017 , 2 , 2 , 7 , 2 , 1.0 , 28.6 , 1 , 0 , 0 , 0 , 0 , 71.4 
KC Cariappa,2016 , 2 , 13 , 11 , 1 , 13.0 , 118.2 , 12 , 0 , 0 , 0 , 1 , 27.3 
HF Gurney,2019 , 1 , 1 , 5 , 0 , - , 20.0 , 1 , 0 , 0 , 0 , 0 , 80.0 
Mohammed Siraj,2021 , 1 , 0 , 1 , 0 , - , 0.0 , 0 , 0 , 0 , 0 , 0 , 100.0 
Mohammed Siraj,2020 , 3 , 17 , 14 , 1 , 17.0 , 121.4 , 10 , 0 , 0 , 2 , 0 , 35.7 
Mohammed Siraj,2019 , 3 , 4 , 14 , 1 , 4.0 , 28.6 , 3 , 0 , 0 , 0 , 0 , 71.4 
KA Jamieson,2021 , 3 , 27 , 17 , 2 , 13.5 , 158.8 , 12 , 0 , 0 , 3 , 1 , 41.2 
YS Chahal,2020 , 2 , 1 , 3 , 1 , 1.0 , 33.3 , 1 , 0 , 0 , 0 , 0 , 66.7 
YS Chahal,2019 , 3 , 6 , 16 , 2 , 3.0 , 37.5 , 4 , 0 , 0 , 0 , 0 , 75.0 
YS Chahal,2018 , 1 , 0 , 4 , 0 , - , 0.0 , 0 , 0 , 0 , 0 , 0 , 100.0 
SA Yadav,2021 , 5 , 154 , 107 , 5 , 30.8 , 143.9 , 56 , 1 , 0 , 19 , 5 , 36.4 
SA Yadav,2020 , 15 , 480 , 331 , 12 , 40.0 , 145.0 , 79 , 4 , 0 , 61 , 11 , 32.9 
SA Yadav,2019 , 15 , 424 , 324 , 13 , 32.6 , 130.9 , 71 , 2 , 0 , 45 , 10 , 32.4 
Shahbaz Ahmed,2021 , 2 , 15 , 12 , 2 , 7.5 , 125.0 , 14 , 0 , 0 , 0 , 1 , 33.3 
Shahbaz Ahmed,2020 , 1 , 1 , 1 , 0 , - , 100.0 , 1 , 0 , 0 , 0 , 0 , 0.0 
HV Patel,2021 , 1 , 4 , 3 , 0 , - , 133.3 , 4 , 0 , 0 , 0 , 0 , 0.0 
HV Patel,2020 , 2 , 21 , 24 , 2 , 10.5 , 87.5 , 16 , 0 , 0 , 2 , 0 , 50.0 
HV Patel,2019 , 1 , 0 , 2 , 1 , 0.0 , 0.0 , 0 , 0 , 0 , 0 , 0 , 100.0 
Ishan Kishan,2021 , 5 , 73 , 88 , 5 , 14.6 , 83.0 , 28 , 0 , 0 , 3 , 2 , 43.2 
Ishan Kishan,2020 , 13 , 516 , 354 , 9 , 57.3 , 145.8 , 99 , 4 , 0 , 36 , 30 , 31.6 
Ishan Kishan,2019 , 6 , 101 , 100 , 6 , 16.8 , 101.0 , 28 , 0 , 0 , 8 , 4 , 46.0 
M Jansen,2021 , 2 , 0 , 3 , 2 , 0.0 , 0.0 , 0 , 0 , 0 , 0 , 0 , 100.0 
RD Chahar,2021 , 2 , 14 , 13 , 3 , 4.7 , 107.7 , 8 , 0 , 0 , 1 , 0 , 38.5 
RD Chahar,2020 , 1 , 2 , 4 , 0 , - , 50.0 , 2 , 0 , 0 , 0 , 0 , 50.0 
RD Chahar,2019 , 4 , 12 , 11 , 2 , 6.0 , 109.1 , 10 , 0 , 0 , 2 , 0 , 54.5 
TA Boult,2021 , 1 , 1 , 1 , 0 , - , 100.0 , 1 , 0 , 0 , 0 , 0 , 0.0 
TA Boult,2020 , 1 , 0 , 1 , 1 , 0.0 , 0.0 , 0 , 0 , 0 , 0 , 0 , 100.0 
TA Boult,2019 , 2 , 7 , 4 , 1 , 7.0 , 175.0 , 6 , 0 , 0 , 0 , 1 , 50.0 
RM Patidar,2021 , 2 , 9 , 10 , 2 , 4.5 , 90.0 , 8 , 0 , 0 , 1 , 0 , 50.0 
AB de Villiers,2021 , 3 , 125 , 66 , 2 , 62.5 , 189.4 , 76 , 1 , 0 , 13 , 5 , 21.2 
AB de Villiers,2020 , 14 , 454 , 286 , 10 , 45.4 , 158.7 , 73 , 5 , 0 , 33 , 23 , 26.9 
AB de Villiers,2019 , 13 , 442 , 287 , 10 , 44.2 , 154.0 , 82 , 5 , 0 , 31 , 26 , 32.1 
SW Tait,2013 , 1 , 1 , 3 , 1 , 1.0 , 33.3 , 1 , 0 , 0 , 0 , 0 , 66.7 
SW Tait,2011 , 2 , 10 , 10 , 1 , 10.0 , 100.0 , 10 , 0 , 0 , 1 , 0 , 30.0 
SW Tait,2010 , 2 , 12 , 13 , 1 , 12.0 , 92.3 , 11 , 0 , 0 , 0 , 1 , 46.2 
A Singh,2012 , 1 , 0 , 3 , 1 , 0.0 , 0.0 , 0 , 0 , 0 , 0 , 0 , 100.0 
A Singh,2011 , 2 , 1 , 4 , 2 , 0.5 , 25.0 , 1 , 0 , 0 , 0 , 0 , 75.0 
A Singh,2009 , 2 , 1 , 3 , 1 , 1.0 , 33.3 , 1 , 0 , 0 , 0 , 0 , 66.7 
J Botha,2015 , 3 , 31 , 15 , 3 , 10.3 , 206.7 , 17 , 0 , 0 , 5 , 1 , 26.7 
J Botha,2013 , 6 , 43 , 52 , 6 , 7.2 , 82.7 , 23 , 0 , 0 , 5 , 1 , 63.5 
J Botha,2012 , 7 , 58 , 54 , 4 , 14.5 , 107.4 , 14 , 0 , 0 , 4 , 1 , 35.2 
SK Trivedi,2013 , 2 , 3 , 7 , 1 , 3.0 , 42.9 , 3 , 0 , 0 , 0 , 0 , 71.4 
SK Trivedi,2012 , 1 , 5 , 6 , 0 , - , 83.3 , 5 , 0 , 0 , 0 , 0 , 50.0 
SK Trivedi,2011 , 1 , 0 , 2 , 1 , 0.0 , 0.0 , 0 , 0 , 0 , 0 , 0 , 100.0 
UBT Chand,2016 , 1 , 0 , 4 , 1 , 0.0 , 0.0 , 0 , 0 , 0 , 0 , 0 , 100.0 
UBT Chand,2015 , 5 , 102 , 83 , 5 , 20.4 , 122.9 , 58 , 1 , 0 , 13 , 2 , 42.2 
UBT Chand,2014 , 1 , 2 , 9 , 1 , 2.0 , 22.2 , 2 , 0 , 0 , 0 , 0 , 77.8 
SK Warne,2011 , 4 , 10 , 20 , 2 , 5.0 , 50.0 , 5 , 0 , 0 , 1 , 0 , 65.0 
SK Warne,2010 , 6 , 10 , 19 , 5 , 2.0 , 52.6 , 4 , 0 , 0 , 0 , 0 , 57.9 
SK Warne,2009 , 10 , 108 , 116 , 8 , 13.5 , 93.1 , 34 , 0 , 0 , 6 , 4 , 44.8 
NV Ojha,2018 , 1 , 1 , 4 , 1 , 1.0 , 25.0 , 1 , 0 , 0 , 0 , 0 , 75.0 
NV Ojha,2017 , 5 , 79 , 65 , 4 , 19.8 , 121.5 , 34 , 0 , 0 , 2 , 3 , 30.8 
NV Ojha,2016 , 13 , 136 , 138 , 10 , 13.6 , 98.6 , 37 , 0 , 0 , 7 , 5 , 44.9 
RE van der Merwe,2013 , 2 , 22 , 25 , 2 , 11.0 , 88.0 , 14 , 0 , 0 , 2 , 0 , 44.0 
RE van der Merwe,2011 , 4 , 14 , 16 , 0 , - , 87.5 , 8 , 0 , 0 , 1 , 0 , 31.2 
RE van der Merwe,2010 , 1 , 1 , 2 , 1 , 1.0 , 50.0 , 1 , 0 , 0 , 0 , 0 , 50.0 
AG Paunikar,2011 , 4 , 49 , 57 , 4 , 12.2 , 86.0 , 20 , 0 , 0 , 9 , 0 , 64.9 
AG Paunikar,2010 , 1 , 0 , 1 , 1 , 0.0 , 0.0 , 0 , 0 , 0 , 0 , 0 , 100.0 
AB Dinda,2017 , 1 , 7 , 7 , 1 , 7.0 , 100.0 , 7 , 0 , 0 , 1 , 0 , 42.9 
AB Dinda,2014 , 3 , 4 , 12 , 1 , 4.0 , 33.3 , 2 , 0 , 0 , 0 , 0 , 66.7 
AB Dinda,2013 , 5 , 9 , 11 , 2 , 4.5 , 81.8 , 6 , 0 , 0 , 1 , 0 , 45.5 
M Morkel,2016 , 1 , 1 , 1 , 0 , - , 100.0 , 1 , 0 , 0 , 0 , 0 , 0.0 
M Morkel,2015 , 1 , 4 , 3 , 0 , - , 133.3 , 4 , 0 , 0 , 0 , 0 , 0.0 
M Morkel,2014 , 1 , 4 , 3 , 0 , - , 133.3 , 4 , 0 , 0 , 0 , 0 , 0.0 
AL Menaria,2013 , 1 , 1 , 2 , 1 , 1.0 , 50.0 , 1 , 0 , 0 , 0 , 0 , 50.0 
AL Menaria,2012 , 12 , 220 , 202 , 11 , 20.0 , 108.9 , 40 , 0 , 0 , 14 , 8 , 39.1 
AL Menaria,2011 , 10 , 180 , 152 , 9 , 20.0 , 118.4 , 34 , 0 , 0 , 10 , 10 , 40.1 
SV Samson,2021 , 5 , 187 , 130 , 4 , 46.8 , 143.8 , 119 , 0 , 1 , 17 , 9 , 33.1 
SV Samson,2020 , 14 , 375 , 236 , 13 , 28.8 , 158.9 , 85 , 3 , 0 , 21 , 26 , 31.8 
SV Samson,2019 , 11 , 342 , 230 , 10 , 34.2 , 148.7 , 102 , 0 , 1 , 28 , 13 , 27.8 
SW Billings,2019 , 1 , 0 , 4 , 1 , 0.0 , 0.0 , 0 , 0 , 0 , 0 , 0 , 100.0 
SW Billings,2018 , 8 , 108 , 78 , 8 , 13.5 , 138.5 , 56 , 1 , 0 , 8 , 5 , 37.2 
SW Billings,2017 , 6 , 138 , 104 , 6 , 23.0 , 132.7 , 55 , 1 , 0 , 19 , 1 , 31.7 
KK Nair,2020 , 3 , 16 , 14 , 2 , 8.0 , 114.3 , 15 , 0 , 0 , 2 , 0 , 35.7 
KK Nair,2019 , 1 , 5 , 6 , 1 , 5.0 , 83.3 , 5 , 0 , 0 , 0 , 0 , 33.3 
KK Nair,2018 , 12 , 301 , 221 , 12 , 25.1 , 136.2 , 54 , 2 , 0 , 23 , 13 , 31.7 
SS Iyer,2020 , 17 , 519 , 421 , 15 , 34.6 , 123.3 , 88 , 3 , 0 , 40 , 16 , 32.5 
SS Iyer,2019 , 16 , 463 , 386 , 15 , 30.9 , 119.9 , 67 , 3 , 0 , 41 , 14 , 35.0 
SS Iyer,2018 , 13 , 411 , 310 , 11 , 37.4 , 132.6 , 93 , 4 , 0 , 29 , 21 , 34.8 
RR Pant,2021 , 5 , 125 , 95 , 4 , 31.2 , 131.6 , 51 , 1 , 0 , 16 , 2 , 36.8 
RR Pant,2020 , 14 , 342 , 301 , 11 , 31.1 , 113.6 , 56 , 1 , 0 , 32 , 9 , 36.9 
RR Pant,2019 , 16 , 488 , 300 , 13 , 37.5 , 162.7 , 78 , 3 , 0 , 37 , 27 , 28.3 
CJ Anderson,2018 , 3 , 17 , 22 , 3 , 5.7 , 77.3 , 15 , 0 , 0 , 0 , 1 , 45.5 
CJ Anderson,2017 , 11 , 142 , 123 , 7 , 20.3 , 115.4 , 41 , 0 , 0 , 8 , 9 , 45.5 
CJ Anderson,2015 , 4 , 114 , 97 , 3 , 38.0 , 117.5 , 55 , 2 , 0 , 11 , 6 , 52.6 
CH Morris,2021 , 4 , 48 , 31 , 2 , 24.0 , 154.8 , 36 , 0 , 0 , 0 , 5 , 32.3 
CH Morris,2020 , 5 , 34 , 21 , 4 , 8.5 , 161.9 , 25 , 0 , 0 , 2 , 3 , 42.9 
CH Morris,2019 , 6 , 32 , 37 , 6 , 5.3 , 86.5 , 17 , 0 , 0 , 1 , 2 , 54.1 
K Rabada,2021 , 1 , 9 , 4 , 0 , - , 225.0 , 9 , 0 , 0 , 1 , 0 , 0.0 
K Rabada,2020 , 6 , 56 , 49 , 4 , 14.0 , 114.3 , 15 , 0 , 0 , 4 , 2 , 40.8 
K Rabada,2019 , 4 , 14 , 15 , 3 , 4.7 , 93.3 , 9 , 0 , 0 , 0 , 1 , 46.7 
VR Aaron,2020 , 2 , 1 , 10 , 1 , 1.0 , 10.0 , 1 , 0 , 0 , 0 , 0 , 90.0 
VR Aaron,2019 , 1 , 3 , 7 , 0 , - , 42.9 , 3 , 0 , 0 , 0 , 0 , 57.1 
VR Aaron,2017 , 2 , 4 , 10 , 1 , 4.0 , 40.0 , 4 , 0 , 0 , 0 , 0 , 70.0 
MJ Guptill,2019 , 3 , 81 , 53 , 3 , 27.0 , 152.8 , 36 , 0 , 0 , 4 , 7 , 45.3 
MJ Guptill,2017 , 7 , 132 , 88 , 6 , 22.0 , 150.0 , 50 , 1 , 0 , 17 , 5 , 42.0 
MJ Guptill,2016 , 3 , 57 , 55 , 3 , 19.0 , 103.6 , 48 , 0 , 0 , 3 , 3 , 49.1 
HM Amla,2017 , 10 , 420 , 288 , 7 , 60.0 , 145.8 , 104 , 2 , 2 , 40 , 17 , 32.3 
HM Amla,2016 , 6 , 157 , 119 , 6 , 26.2 , 131.9 , 96 , 1 , 0 , 20 , 4 , 38.7 
MA Starc,2015 , 3 , 11 , 14 , 1 , 11.0 , 78.6 , 9 , 0 , 0 , 1 , 0 , 42.9 
MA Starc,2014 , 8 , 85 , 84 , 6 , 14.2 , 101.2 , 29 , 0 , 0 , 9 , 0 , 41.7 
D Wiese,2016 , 1 , 5 , 4 , 0 , - , 125.0 , 5 , 0 , 0 , 0 , 0 , 0.0 
D Wiese,2015 , 7 , 122 , 86 , 4 , 30.5 , 141.9 , 47 , 0 , 0 , 12 , 4 , 29.1 
MC Henriques,2021 , 1 , 14 , 17 , 1 , 14.0 , 82.4 , 14 , 0 , 0 , 0 , 0 , 41.2 
MC Henriques,2017 , 11 , 277 , 203 , 6 , 46.2 , 136.5 , 55 , 3 , 0 , 28 , 4 , 28.1 
MC Henriques,2016 , 15 , 182 , 158 , 12 , 15.2 , 115.2 , 31 , 0 , 0 , 15 , 6 , 39.2 
CH Gayle,2021 , 5 , 119 , 99 , 4 , 29.8 , 120.2 , 43 , 0 , 0 , 13 , 5 , 46.5 
CH Gayle,2020 , 7 , 288 , 210 , 7 , 41.1 , 137.1 , 99 , 3 , 0 , 15 , 23 , 42.4 
CH Gayle,2019 , 13 , 490 , 319 , 12 , 40.8 , 153.6 , 99 , 4 , 0 , 45 , 34 , 44.2 
SN Khan,2020 , 3 , 33 , 29 , 2 , 16.5 , 113.8 , 14 , 0 , 0 , 5 , 0 , 41.4 
SN Khan,2019 , 5 , 180 , 143 , 4 , 45.0 , 125.9 , 67 , 1 , 0 , 19 , 4 , 32.2 
SN Khan,2018 , 6 , 51 , 41 , 5 , 10.2 , 124.4 , 22 , 0 , 0 , 7 , 1 , 43.9 
TM Dilshan,2013 , 5 , 76 , 93 , 5 , 15.2 , 81.7 , 33 , 0 , 0 , 12 , 0 , 61.3 
TM Dilshan,2012 , 9 , 285 , 261 , 8 , 35.6 , 109.2 , 76 , 3 , 0 , 33 , 5 , 44.8 
TM Dilshan,2011 , 10 , 226 , 180 , 8 , 28.2 , 125.6 , 59 , 2 , 0 , 33 , 3 , 42.2 
A Flintoff,2009 , 3 , 62 , 53 , 2 , 31.0 , 117.0 , 24 , 0 , 0 , 5 , 2 , 37.7 
Joginder Sharma,2011 , 1 , 0 , 1 , 1 , 0.0 , 0.0 , 0 , 0 , 0 , 0 , 0 , 100.0 
Joginder Sharma,2009 , 2 , 20 , 18 , 1 , 20.0 , 111.1 , 16 , 0 , 0 , 0 , 1 , 33.3 
Joginder Sharma,2008 , 2 , 16 , 11 , 2 , 8.0 , 145.5 , 16 , 0 , 0 , 1 , 1 , 27.3 
DL Vettori,2012 , 6 , 31 , 26 , 4 , 7.8 , 119.2 , 20 , 0 , 0 , 3 , 1 , 34.6 
DL Vettori,2011 , 4 , 23 , 28 , 1 , 23.0 , 82.1 , 18 , 0 , 0 , 1 , 1 , 46.4 
DL Vettori,2010 , 3 , 33 , 27 , 1 , 33.0 , 122.2 , 19 , 0 , 0 , 4 , 0 , 29.6 
DP Nannes,2010 , 2 , 4 , 13 , 1 , 4.0 , 30.8 , 3 , 0 , 0 , 0 , 0 , 69.2 
A Nehra,2016 , 1 , 1 , 1 , 0 , - , 100.0 , 1 , 0 , 0 , 0 , 0 , 0.0 
A Nehra,2015 , 4 , 1 , 7 , 1 , 1.0 , 14.3 , 1 , 0 , 0 , 0 , 0 , 85.7 
A Nehra,2013 , 4 , 1 , 8 , 4 , 0.2 , 12.5 , 1 , 0 , 0 , 0 , 0 , 87.5 
PJ Sangwan,2018 , 1 , 0 , 4 , 1 , 0.0 , 0.0 , 0 , 0 , 0 , 0 , 0 , 100.0 
PJ Sangwan,2017 , 3 , 2 , 4 , 2 , 1.0 , 50.0 , 1 , 0 , 0 , 0 , 0 , 50.0 
PJ Sangwan,2013 , 1 , 4 , 2 , 0 , - , 200.0 , 4 , 0 , 0 , 1 , 0 , 50.0 
VVS Laxman,2011 , 3 , 44 , 42 , 3 , 14.7 , 104.8 , 36 , 0 , 0 , 3 , 2 , 50.0 
VVS Laxman,2010 , 6 , 64 , 60 , 5 , 12.8 , 106.7 , 22 , 0 , 0 , 7 , 1 , 41.7 
VVS Laxman,2009 , 5 , 19 , 33 , 5 , 3.8 , 57.6 , 10 , 0 , 0 , 1 , 1 , 66.7 
S Tyagi,2010 , 1 , 3 , 4 , 0 , - , 75.0 , 3 , 0 , 0 , 0 , 0 , 25.0 
HH Gibbs,2012 , 3 , 81 , 88 , 2 , 40.5 , 92.0 , 66 , 1 , 0 , 8 , 2 , 54.5 
HH Gibbs,2010 , 10 , 267 , 235 , 10 , 26.7 , 113.6 , 50 , 1 , 0 , 26 , 9 , 45.1 
HH Gibbs,2009 , 14 , 371 , 331 , 11 , 33.7 , 112.1 , 69 , 4 , 0 , 32 , 12 , 42.9 
A Symonds,2011 , 9 , 135 , 138 , 4 , 33.8 , 97.8 , 44 , 0 , 0 , 9 , 3 , 40.6 
A Symonds,2010 , 16 , 429 , 341 , 14 , 30.6 , 125.8 , 54 , 4 , 0 , 35 , 18 , 38.1 
A Symonds,2009 , 8 , 249 , 166 , 7 , 35.6 , 150.0 , 60 , 1 , 0 , 15 , 11 , 30.1 
JM Kemp,2010 , 2 , 26 , 24 , 2 , 13.0 , 108.3 , 22 , 0 , 0 , 1 , 1 , 41.7 
TL Suman,2013 , 5 , 52 , 58 , 5 , 10.4 , 89.7 , 23 , 0 , 0 , 8 , 0 , 53.4 
TL Suman,2012 , 2 , 15 , 19 , 2 , 7.5 , 78.9 , 10 , 0 , 0 , 1 , 1 , 63.2 
TL Suman,2011 , 6 , 65 , 51 , 6 , 10.8 , 127.5 , 36 , 0 , 0 , 5 , 5 , 52.9 
WPUJC Vaas,2010 , 5 , 30 , 34 , 4 , 7.5 , 88.2 , 16 , 0 , 0 , 1 , 1 , 41.2 
WPUJC Vaas,2009 , 2 , 30 , 21 , 1 , 30.0 , 142.9 , 20 , 0 , 0 , 1 , 1 , 14.3 
WPUJC Vaas,2008 , 4 , 21 , 18 , 3 , 7.0 , 116.7 , 12 , 0 , 0 , 0 , 1 , 38.9 
RP Singh,2012 , 5 , 6 , 12 , 2 , 3.0 , 50.0 , 3 , 0 , 0 , 0 , 0 , 50.0 
RP Singh,2011 , 4 , 2 , 4 , 3 , 0.7 , 50.0 , 1 , 0 , 0 , 0 , 0 , 50.0 
RP Singh,2010 , 5 , 9 , 19 , 2 , 4.5 , 47.4 , 4 , 0 , 0 , 0 , 0 , 68.4 
PP Ojha,2014 , 3 , 4 , 8 , 1 , 4.0 , 50.0 , 2 , 0 , 0 , 0 , 0 , 50.0 
PP Ojha,2013 , 3 , 2 , 4 , 1 , 2.0 , 50.0 , 1 , 0 , 0 , 0 , 0 , 50.0 
PP Ojha,2012 , 3 , 4 , 14 , 2 , 2.0 , 28.6 , 3 , 0 , 0 , 0 , 0 , 71.4 
Jaskaran Singh,2010 , 4 , 8 , 11 , 1 , 8.0 , 72.7 , 4 , 0 , 0 , 0 , 0 , 45.5 
MEK Hussey,2015 , 4 , 77 , 70 , 4 , 19.2 , 110.0 , 56 , 1 , 0 , 5 , 3 , 38.6 
MEK Hussey,2014 , 9 , 209 , 182 , 9 , 23.2 , 114.8 , 56 , 2 , 0 , 17 , 7 , 40.7 
MEK Hussey,2013 , 17 , 733 , 566 , 14 , 52.4 , 129.5 , 95 , 6 , 0 , 81 , 17 , 35.9 
AP Tare,2017 , 3 , 18 , 23 , 3 , 6.0 , 78.3 , 18 , 0 , 0 , 3 , 0 , 65.2 
AP Tare,2016 , 2 , 8 , 15 , 2 , 4.0 , 53.3 , 8 , 0 , 0 , 1 , 0 , 73.3 
AP Tare,2015 , 2 , 14 , 17 , 2 , 7.0 , 82.4 , 7 , 0 , 0 , 1 , 0 , 41.2 
CM Gautam,2015 , 1 , 4 , 5 , 1 , 4.0 , 80.0 , 4 , 0 , 0 , 0 , 0 , 40.0 
CM Gautam,2014 , 9 , 121 , 111 , 7 , 17.3 , 109.0 , 33 , 0 , 0 , 13 , 5 , 56.8 
CM Gautam,2013 , 3 , 44 , 34 , 2 , 22.0 , 129.4 , 30 , 0 , 0 , 4 , 1 , 32.4 
S Sohal,2011 , 10 , 249 , 191 , 10 , 24.9 , 130.4 , 62 , 2 , 0 , 25 , 10 , 43.5 
S Sohal,2009 , 8 , 115 , 93 , 8 , 14.4 , 123.7 , 43 , 0 , 0 , 9 , 8 , 54.8 
S Sohal,2008 , 2 , 4 , 8 , 2 , 2.0 , 50.0 , 4 , 0 , 0 , 0 , 0 , 62.5 
SM Katich,2009 , 9 , 145 , 117 , 9 , 16.1 , 123.9 , 50 , 1 , 0 , 15 , 6 , 46.2 
SM Katich,2008 , 2 , 96 , 69 , 1 , 96.0 , 139.1 , 75 , 1 , 0 , 11 , 2 , 37.7 
LA Pomersbach,2013 , 3 , 58 , 59 , 2 , 29.0 , 98.3 , 33 , 0 , 0 , 5 , 1 , 50.8 
LA Pomersbach,2011 , 4 , 51 , 39 , 4 , 12.8 , 130.8 , 29 , 0 , 0 , 4 , 2 , 38.5 
LA Pomersbach,2009 , 4 , 41 , 49 , 4 , 10.2 , 83.7 , 26 , 0 , 0 , 3 , 1 , 51.0 
KC Sangakkara,2013 , 9 , 120 , 136 , 9 , 13.3 , 88.2 , 28 , 0 , 0 , 13 , 0 , 44.9 
KC Sangakkara,2012 , 12 , 200 , 184 , 11 , 18.2 , 108.7 , 82 , 1 , 0 , 21 , 4 , 42.4 
KC Sangakkara,2011 , 13 , 358 , 293 , 13 , 27.5 , 122.2 , 65 , 1 , 0 , 44 , 5 , 36.9 
WA Mota,2009 , 6 , 30 , 48 , 5 , 6.0 , 62.5 , 12 , 0 , 0 , 0 , 0 , 41.7 
WA Mota,2008 , 2 , 26 , 27 , 1 , 26.0 , 96.3 , 25 , 0 , 0 , 2 , 0 , 33.3 
B Lee,2013 , 2 , 21 , 12 , 1 , 21.0 , 175.0 , 16 , 0 , 0 , 1 , 2 , 41.7 
B Lee,2012 , 3 , 42 , 20 , 2 , 21.0 , 210.0 , 25 , 0 , 0 , 2 , 4 , 25.0 
B Lee,2011 , 4 , 5 , 9 , 3 , 1.7 , 55.6 , 2 , 0 , 0 , 0 , 0 , 44.4 
S Sreesanth,2013 , 2 , 1 , 4 , 1 , 1.0 , 25.0 , 1 , 0 , 0 , 0 , 0 , 75.0 
S Sreesanth,2011 , 3 , 1 , 9 , 2 , 0.5 , 11.1 , 1 , 0 , 0 , 0 , 0 , 88.9 
S Sreesanth,2010 , 3 , 27 , 21 , 0 , - , 128.6 , 15 , 0 , 0 , 5 , 0 , 52.4 
RR Powar,2011 , 3 , 11 , 13 , 1 , 11.0 , 84.6 , 8 , 0 , 0 , 0 , 0 , 38.5 
RR Powar,2010 , 2 , 5 , 8 , 1 , 5.0 , 62.5 , 3 , 0 , 0 , 0 , 0 , 62.5 
RR Powar,2009 , 3 , 23 , 22 , 1 , 23.0 , 104.5 , 10 , 0 , 0 , 2 , 0 , 31.8 
DB Ravi Teja,2013 , 2 , 14 , 17 , 1 , 14.0 , 82.4 , 10 , 0 , 0 , 0 , 0 , 23.5 
DB Ravi Teja,2012 , 2 , 4 , 4 , 2 , 2.0 , 100.0 , 4 , 0 , 0 , 1 , 0 , 75.0 
DB Ravi Teja,2011 , 9 , 183 , 144 , 7 , 26.1 , 127.1 , 60 , 1 , 0 , 17 , 4 , 31.9 
YV Takawale,2014 , 5 , 104 , 91 , 5 , 20.8 , 114.3 , 45 , 0 , 0 , 17 , 1 , 52.7 
YV Takawale,2009 , 1 , 18 , 22 , 1 , 18.0 , 81.8 , 18 , 0 , 0 , 2 , 0 , 54.5 
YV Takawale,2008 , 4 , 70 , 65 , 2 , 35.0 , 107.7 , 27 , 0 , 0 , 7 , 2 , 53.8 
UT Yadav,2020 , 1 , 0 , 2 , 1 , 0.0 , 0.0 , 0 , 0 , 0 , 0 , 0 , 100.0 
UT Yadav,2019 , 5 , 25 , 25 , 2 , 12.5 , 100.0 , 14 , 0 , 0 , 3 , 1 , 60.0 
UT Yadav,2018 , 5 , 3 , 11 , 4 , 0.8 , 27.3 , 1 , 0 , 0 , 0 , 0 , 72.7 
JP Faulkner,2017 , 6 , 54 , 57 , 4 , 13.5 , 94.7 , 21 , 0 , 0 , 4 , 0 , 40.4 
JP Faulkner,2016 , 5 , 77 , 59 , 3 , 25.7 , 130.5 , 32 , 0 , 0 , 7 , 0 , 23.7 
JP Faulkner,2015 , 11 , 144 , 109 , 8 , 18.0 , 132.1 , 46 , 0 , 0 , 12 , 5 , 33.9 
AJ Tye,2020 , 1 , 6 , 6 , 1 , 6.0 , 100.0 , 6 , 0 , 0 , 0 , 1 , 83.3 
AJ Tye,2019 , 1 , 0 , 2 , 0 , - , 0.0 , 0 , 0 , 0 , 0 , 0 , 100.0 
AJ Tye,2018 , 8 , 32 , 38 , 6 , 5.3 , 84.2 , 14 , 0 , 0 , 2 , 1 , 55.3 
Basil Thampi,2019 , 1 , 1 , 1 , 0 , - , 100.0 , 1 , 0 , 0 , 0 , 0 , 0.0 
Basil Thampi,2018 , 1 , 3 , 6 , 1 , 3.0 , 50.0 , 3 , 0 , 0 , 0 , 0 , 50.0 
Basil Thampi,2017 , 5 , 28 , 28 , 0 , - , 100.0 , 13 , 0 , 0 , 1 , 1 , 39.3 
Ankit Soni,2017 , 3 , 7 , 9 , 2 , 3.5 , 77.8 , 7 , 0 , 0 , 0 , 1 , 77.8 
JC Buttler,2021 , 5 , 89 , 70 , 5 , 17.8 , 127.1 , 49 , 0 , 0 , 13 , 2 , 47.1 
JC Buttler,2020 , 12 , 328 , 227 , 10 , 32.8 , 144.5 , 70 , 2 , 0 , 27 , 16 , 37.4 
JC Buttler,2019 , 8 , 311 , 205 , 8 , 38.9 , 151.7 , 89 , 3 , 0 , 38 , 14 , 43.9 
PP Shaw,2021 , 5 , 166 , 104 , 5 , 33.2 , 159.6 , 72 , 2 , 0 , 20 , 6 , 31.7 
PP Shaw,2020 , 13 , 228 , 167 , 13 , 17.5 , 136.5 , 66 , 2 , 0 , 27 , 8 , 41.9 
PP Shaw,2019 , 16 , 353 , 264 , 16 , 22.1 , 133.7 , 99 , 2 , 0 , 45 , 9 , 39.4 
DL Chahar,2020 , 3 , 7 , 12 , 1 , 7.0 , 58.3 , 5 , 0 , 0 , 0 , 0 , 66.7 
DL Chahar,2019 , 2 , 7 , 9 , 2 , 3.5 , 77.8 , 7 , 0 , 0 , 1 , 0 , 55.6 
DL Chahar,2018 , 4 , 50 , 29 , 3 , 16.7 , 172.4 , 39 , 0 , 0 , 1 , 4 , 20.7 
Imran Tahir,2020 , 1 , 13 , 10 , 0 , - , 130.0 , 13 , 0 , 0 , 2 , 0 , 40.0 
Imran Tahir,2018 , 1 , 2 , 2 , 0 , - , 100.0 , 2 , 0 , 0 , 0 , 0 , 0.0 
Imran Tahir,2017 , 1 , 0 , 2 , 0 , - , 0.0 , 0 , 0 , 0 , 0 , 0 , 100.0 
DJ Bravo,2021 , 1 , 20 , 8 , 0 , - , 250.0 , 20 , 0 , 0 , 2 , 1 , 25.0 
DJ Bravo,2020 , 2 , 7 , 6 , 2 , 3.5 , 116.7 , 7 , 0 , 0 , 0 , 0 , 33.3 
DJ Bravo,2019 , 8 , 80 , 66 , 5 , 16.0 , 121.2 , 27 , 0 , 0 , 6 , 3 , 37.9 
CA Ingram,2019 , 12 , 184 , 154 , 10 , 18.4 , 119.5 , 47 , 0 , 0 , 20 , 5 , 40.9 
CA Ingram,2011 , 3 , 21 , 26 , 2 , 10.5 , 80.8 , 13 , 0 , 0 , 2 , 0 , 46.2 
KMA Paul,2019 , 5 , 18 , 24 , 5 , 3.6 , 75.0 , 7 , 0 , 0 , 1 , 1 , 62.5 
R Tewatia,2021 , 5 , 86 , 67 , 5 , 17.2 , 128.4 , 40 , 0 , 0 , 6 , 4 , 35.8 
R Tewatia,2020 , 11 , 255 , 183 , 6 , 42.5 , 139.3 , 53 , 1 , 0 , 13 , 17 , 35.5 
R Tewatia,2019 , 4 , 26 , 22 , 1 , 26.0 , 118.2 , 11 , 0 , 0 , 2 , 1 , 36.4 
SR Watson,2020 , 11 , 299 , 247 , 10 , 29.9 , 121.1 , 83 , 2 , 0 , 33 , 13 , 46.6 
SR Watson,2019 , 17 , 398 , 312 , 17 , 23.4 , 127.6 , 96 , 3 , 0 , 42 , 20 , 49.0 
SR Watson,2018 , 15 , 555 , 359 , 14 , 39.6 , 154.6 , 117 , 2 , 2 , 44 , 35 , 37.0 
I Sharma,2019 , 1 , 10 , 3 , 0 , - , 333.3 , 10 , 0 , 0 , 1 , 1 , 33.3 
I Sharma,2017 , 3 , 8 , 12 , 2 , 4.0 , 66.7 , 5 , 0 , 0 , 1 , 0 , 58.3 
I Sharma,2011 , 4 , 4 , 5 , 0 , - , 80.0 , 1 , 0 , 0 , 0 , 0 , 20.0 
KM Jadhav,2021 , 1 , 9 , 9 , 1 , 9.0 , 100.0 , 9 , 0 , 0 , 1 , 0 , 33.3 
KM Jadhav,2020 , 5 , 62 , 66 , 3 , 20.7 , 93.9 , 26 , 0 , 0 , 7 , 0 , 42.4 
KM Jadhav,2019 , 12 , 162 , 169 , 9 , 18.0 , 95.9 , 58 , 1 , 0 , 19 , 3 , 49.7 
MD Mishra,2012 , 1 , 4 , 4 , 1 , 4.0 , 100.0 , 4 , 0 , 0 , 1 , 0 , 75.0 
MD Mishra,2011 , 5 , 67 , 60 , 4 , 16.8 , 111.7 , 37 , 0 , 0 , 5 , 2 , 40.0 
MD Mishra,2010 , 11 , 166 , 144 , 11 , 15.1 , 115.3 , 41 , 0 , 0 , 18 , 6 , 48.6 
Y Nagar,2012 , 8 , 153 , 133 , 5 , 30.6 , 115.0 , 44 , 0 , 0 , 13 , 3 , 33.1 
Y Nagar,2011 , 10 , 111 , 100 , 7 , 15.9 , 111.0 , 23 , 0 , 0 , 6 , 6 , 45.0 
Y Nagar,2010 , 1 , 1 , 6 , 1 , 1.0 , 16.7 , 1 , 0 , 0 , 0 , 0 , 83.3 
S Ladda,2010 , 2 , 0 , 9 , 1 , 0.0 , 0.0 , 0 , 0 , 0 , 0 , 0 , 100.0 
R Sharma,2013 , 6 , 11 , 17 , 4 , 2.8 , 64.7 , 10 , 0 , 0 , 1 , 0 , 58.8 
R Sharma,2012 , 4 , 2 , 11 , 4 , 0.5 , 18.2 , 2 , 0 , 0 , 0 , 0 , 90.9 
R Sharma,2011 , 5 , 24 , 21 , 3 , 8.0 , 114.3 , 13 , 0 , 0 , 1 , 2 , 52.4 
DS Kulkarni,2020 , 1 , 3 , 2 , 0 , - , 150.0 , 3 , 0 , 0 , 0 , 0 , 0.0 
DS Kulkarni,2019 , 1 , 5 , 3 , 0 , - , 166.7 , 5 , 0 , 0 , 1 , 0 , 33.3 
DS Kulkarni,2018 , 2 , 6 , 7 , 1 , 6.0 , 85.7 , 3 , 0 , 0 , 0 , 0 , 14.3 
STR Binny,2019 , 5 , 70 , 40 , 3 , 23.3 , 175.0 , 33 , 0 , 0 , 5 , 4 , 35.0 
STR Binny,2018 , 5 , 44 , 39 , 5 , 8.8 , 112.8 , 22 , 0 , 0 , 2 , 2 , 41.0 
STR Binny,2017 , 7 , 78 , 76 , 5 , 15.6 , 102.6 , 18 , 0 , 0 , 6 , 3 , 46.1 
OA Shah,2013 , 2 , 25 , 23 , 2 , 12.5 , 108.7 , 24 , 0 , 0 , 2 , 0 , 21.7 
OA Shah,2012 , 13 , 340 , 256 , 9 , 37.8 , 132.8 , 76 , 3 , 0 , 24 , 16 , 36.3 
OA Shah,2011 , 2 , 26 , 15 , 2 , 13.0 , 173.3 , 23 , 0 , 0 , 1 , 2 , 20.0 
JEC Franklin,2012 , 11 , 220 , 223 , 9 , 24.4 , 98.7 , 79 , 1 , 0 , 15 , 7 , 42.2 
JEC Franklin,2011 , 5 , 107 , 78 , 2 , 53.5 , 137.2 , 45 , 0 , 0 , 10 , 2 , 28.2 
DH Yagnik,2014 , 1 , 4 , 6 , 0 , - , 66.7 , 4 , 0 , 0 , 0 , 0 , 33.3 
DH Yagnik,2013 , 9 , 125 , 96 , 8 , 15.6 , 130.2 , 34 , 0 , 0 , 17 , 2 , 41.7 
DH Yagnik,2012 , 3 , 25 , 13 , 1 , 25.0 , 192.3 , 10 , 0 , 0 , 5 , 0 , 30.8 
GB Hogg,2015 , 2 , 7 , 6 , 1 , 7.0 , 116.7 , 5 , 0 , 0 , 0 , 0 , 0.0 
GB Hogg,2012 , 2 , 15 , 16 , 2 , 7.5 , 93.8 , 13 , 0 , 0 , 1 , 0 , 31.2 
A Chandila,2013 , 1 , 4 , 6 , 0 , - , 66.7 , 4 , 0 , 0 , 0 , 0 , 33.3 
A Chandila,2012 , 1 , 0 , 1 , 0 , - , 0.0 , 0 , 0 , 0 , 0 , 0 , 100.0 
SB Wagh,2011 , 2 , 2 , 3 , 2 , 1.0 , 66.7 , 2 , 0 , 0 , 0 , 0 , 66.7 
AA Jhunjhunwala,2012 , 3 , 24 , 26 , 2 , 12.0 , 92.3 , 19 , 0 , 0 , 1 , 1 , 46.2 
AA Jhunjhunwala,2011 , 2 , 10 , 18 , 2 , 5.0 , 55.6 , 10 , 0 , 0 , 2 , 0 , 77.8 
AA Jhunjhunwala,2010 , 10 , 183 , 166 , 9 , 20.3 , 110.2 , 53 , 1 , 0 , 16 , 4 , 38.6 
DJ Hussey,2014 , 4 , 116 , 94 , 2 , 58.0 , 123.4 , 50 , 1 , 0 , 8 , 6 , 35.1 
DJ Hussey,2013 , 11 , 235 , 209 , 10 , 23.5 , 112.4 , 41 , 0 , 0 , 20 , 6 , 37.3 
DJ Hussey,2012 , 15 , 396 , 305 , 12 , 33.0 , 129.8 , 68 , 2 , 0 , 28 , 17 , 34.4 
SD Chitnis,2012 , 4 , 66 , 62 , 3 , 22.0 , 106.5 , 38 , 0 , 0 , 7 , 1 , 41.9 
SD Chitnis,2011 , 1 , 9 , 9 , 1 , 9.0 , 100.0 , 9 , 0 , 0 , 1 , 0 , 33.3 
SD Chitnis,2009 , 1 , 6 , 8 , 1 , 6.0 , 75.0 , 6 , 0 , 0 , 1 , 0 , 62.5 
SJ Srivastava,2011 , 2 , 4 , 3 , 0 , - , 133.3 , 3 , 0 , 0 , 0 , 0 , 0.0 
SJ Srivastava,2010 , 2 , 1 , 2 , 1 , 1.0 , 50.0 , 1 , 0 , 0 , 0 , 0 , 50.0 
JD Ryder,2012 , 11 , 256 , 212 , 10 , 25.6 , 120.8 , 86 , 2 , 0 , 23 , 8 , 36.8 
JD Ryder,2011 , 13 , 292 , 197 , 13 , 22.5 , 148.2 , 60 , 2 , 0 , 37 , 11 , 44.7 
JD Ryder,2009 , 5 , 56 , 49 , 5 , 11.2 , 114.3 , 32 , 0 , 0 , 9 , 0 , 53.1 
CJ Ferguson,2012 , 4 , 50 , 63 , 4 , 12.5 , 79.4 , 23 , 0 , 0 , 3 , 0 , 47.6 
CJ Ferguson,2011 , 4 , 48 , 54 , 2 , 24.0 , 88.9 , 16 , 0 , 0 , 6 , 0 , 48.1 
Ankit Sharma,2017 , 1 , 25 , 15 , 1 , 25.0 , 166.7 , 25 , 0 , 0 , 2 , 1 , 20.0 
Ankit Sharma,2016 , 1 , 3 , 3 , 0 , - , 100.0 , 3 , 0 , 0 , 0 , 0 , 33.3 
Ankit Sharma,2015 , 2 , 7 , 6 , 1 , 7.0 , 116.7 , 7 , 0 , 0 , 1 , 0 , 33.3 
S Aravind,2017 , 6 , 32 , 40 , 4 , 8.0 , 80.0 , 9 , 0 , 0 , 2 , 0 , 47.5 
S Aravind,2015 , 1 , 0 , 1 , 0 , - , 0.0 , 0 , 0 , 0 , 0 , 0 , 100.0 
S Aravind,2012 , 1 , 14 , 8 , 0 , - , 175.0 , 14 , 0 , 0 , 3 , 0 , 37.5 
DJ Hooda,2021 , 4 , 109 , 67 , 3 , 36.3 , 162.7 , 64 , 1 , 0 , 7 , 8 , 32.8 
DJ Hooda,2020 , 5 , 101 , 71 , 1 , 101.0 , 142.3 , 62 , 1 , 0 , 5 , 5 , 26.8 
DJ Hooda,2019 , 7 , 64 , 63 , 6 , 10.7 , 101.6 , 20 , 0 , 0 , 5 , 1 , 39.7 
M Vohra,2021 , 4 , 42 , 39 , 4 , 10.5 , 107.7 , 14 , 0 , 0 , 5 , 2 , 61.5 
M Vohra,2018 , 4 , 55 , 47 , 4 , 13.8 , 117.0 , 45 , 0 , 0 , 2 , 4 , 46.8 
M Vohra,2017 , 9 , 229 , 159 , 9 , 25.4 , 144.0 , 95 , 1 , 0 , 23 , 9 , 37.7 
P Negi,2019 , 4 , 9 , 12 , 4 , 2.2 , 75.0 , 5 , 0 , 0 , 1 , 0 , 58.3 
P Negi,2018 , 2 , 3 , 5 , 2 , 1.5 , 60.0 , 3 , 0 , 0 , 0 , 0 , 40.0 
P Negi,2017 , 10 , 144 , 111 , 8 , 18.0 , 129.7 , 35 , 0 , 0 , 10 , 7 , 38.7 
CR Brathwaite,2019 , 2 , 11 , 10 , 2 , 5.5 , 110.0 , 6 , 0 , 0 , 1 , 0 , 20.0 
CR Brathwaite,2018 , 4 , 75 , 48 , 3 , 25.0 , 156.2 , 43 , 0 , 0 , 1 , 8 , 37.5 
CR Brathwaite,2017 , 2 , 12 , 15 , 2 , 6.0 , 80.0 , 11 , 0 , 0 , 2 , 0 , 60.0 
J Yadav,2021 , 1 , 23 , 22 , 1 , 23.0 , 104.5 , 23 , 0 , 0 , 1 , 0 , 31.8 
J Yadav,2016 , 2 , 6 , 10 , 2 , 3.0 , 60.0 , 5 , 0 , 0 , 0 , 0 , 40.0 
WP Saha,2021 , 2 , 8 , 15 , 2 , 4.0 , 53.3 , 7 , 0 , 0 , 0 , 1 , 80.0 
WP Saha,2020 , 4 , 214 , 153 , 3 , 71.3 , 139.9 , 87 , 2 , 0 , 24 , 5 , 32.7 
WP Saha,2019 , 5 , 86 , 53 , 5 , 17.2 , 162.3 , 28 , 0 , 0 , 13 , 1 , 28.3 
P Sahu,2016 , 2 , 19 , 13 , 1 , 19.0 , 146.2 , 18 , 0 , 0 , 1 , 1 , 30.8 
Q de Kock,2021 , 4 , 47 , 54 , 4 , 11.8 , 87.0 , 40 , 0 , 0 , 5 , 0 , 46.3 
Q de Kock,2020 , 16 , 503 , 358 , 14 , 35.9 , 140.5 , 78 , 4 , 0 , 46 , 22 , 37.7 
Q de Kock,2019 , 16 , 529 , 398 , 15 , 35.3 , 132.9 , 81 , 4 , 0 , 45 , 25 , 38.7 
K Gowtham,2020 , 2 , 42 , 27 , 1 , 42.0 , 155.6 , 22 , 0 , 0 , 3 , 2 , 33.3 
K Gowtham,2019 , 4 , 18 , 19 , 3 , 6.0 , 94.7 , 9 , 0 , 0 , 1 , 1 , 52.6 
K Gowtham,2018 , 13 , 126 , 64 , 9 , 14.0 , 196.9 , 33 , 0 , 0 , 9 , 9 , 31.2 
JC Archer,2020 , 10 , 112 , 63 , 6 , 18.7 , 177.8 , 27 , 0 , 0 , 5 , 10 , 30.2 
JC Archer,2019 , 5 , 67 , 40 , 2 , 33.5 , 167.5 , 27 , 0 , 0 , 4 , 4 , 20.0 
JC Archer,2018 , 6 , 15 , 21 , 5 , 3.0 , 71.4 , 8 , 0 , 0 , 2 , 0 , 66.7 
BA Stokes,2021 , 1 , 0 , 3 , 1 , 0.0 , 0.0 , 0 , 0 , 0 , 0 , 0 , 100.0 
BA Stokes,2020 , 8 , 285 , 200 , 7 , 40.7 , 142.5 , 107 , 1 , 1 , 36 , 7 , 39.0 
BA Stokes,2019 , 9 , 123 , 99 , 6 , 20.5 , 124.2 , 46 , 0 , 0 , 8 , 4 , 33.3 
IS Sodhi,2019 , 1 , 6 , 11 , 1 , 6.0 , 54.5 , 6 , 0 , 0 , 0 , 0 , 45.5 
IS Sodhi,2018 , 1 , 1 , 6 , 1 , 1.0 , 16.7 , 1 , 0 , 0 , 0 , 0 , 83.3 
P Chopra,2018 , 1 , 8 , 6 , 1 , 8.0 , 133.3 , 8 , 0 , 0 , 2 , 0 , 66.7 
S Kaushik,2016 , 1 , 0 , 1 , 1 , 0.0 , 0.0 , 0 , 0 , 0 , 0 , 0 , 100.0 
TM Head,2017 , 7 , 151 , 108 , 5 , 30.2 , 139.8 , 75 , 1 , 0 , 9 , 6 , 25.9 
TM Head,2016 , 3 , 54 , 40 , 2 , 27.0 , 135.0 , 37 , 0 , 0 , 3 , 2 , 30.0 
AF Milne,2017 , 3 , 7 , 12 , 2 , 3.5 , 58.3 , 5 , 0 , 0 , 0 , 0 , 50.0 
Pankaj Singh,2010 , 1 , 1 , 2 , 1 , 1.0 , 50.0 , 1 , 0 , 0 , 0 , 0 , 50.0 
Pankaj Singh,2009 , 2 , 1 , 2 , 1 , 1.0 , 50.0 , 1 , 0 , 0 , 0 , 0 , 50.0 
Pankaj Singh,2008 , 2 , 5 , 8 , 0 , - , 62.5 , 4 , 0 , 0 , 0 , 0 , 50.0 
PV Tambe,2016 , 1 , 7 , 19 , 0 , - , 36.8 , 7 , 0 , 0 , 1 , 0 , 78.9 
PV Tambe,2015 , 2 , 3 , 5 , 0 , - , 60.0 , 2 , 0 , 0 , 0 , 0 , 40.0 
PV Tambe,2014 , 2 , 5 , 9 , 2 , 2.5 , 55.6 , 3 , 0 , 0 , 0 , 0 , 44.4 
AD Nath,2019 , 5 , 61 , 57 , 5 , 12.2 , 107.0 , 24 , 0 , 0 , 5 , 2 , 38.6 
AD Nath,2018 , 1 , 9 , 13 , 1 , 9.0 , 69.2 , 9 , 0 , 0 , 1 , 0 , 61.5 
AD Nath,2017 , 1 , 0 , 1 , 1 , 0.0 , 0.0 , 0 , 0 , 0 , 0 , 0 , 100.0 
BB Sran,2019 , 1 , 3 , 3 , 0 , - , 100.0 , 3 , 0 , 0 , 0 , 0 , 33.3 
BB Sran,2018 , 3 , 3 , 7 , 1 , 3.0 , 42.9 , 2 , 0 , 0 , 0 , 0 , 57.1 
BB Sran,2016 , 3 , 4 , 4 , 0 , - , 100.0 , 2 , 0 , 0 , 0 , 0 , 0.0 
Mustafizur Rahman,2021 , 1 , 0 , 4 , 0 , - , 0.0 , 0 , 0 , 0 , 0 , 0 , 100.0 
Mustafizur Rahman,2018 , 1 , 1 , 3 , 1 , 1.0 , 33.3 , 1 , 0 , 0 , 0 , 0 , 66.7 
NS Naik,2020 , 1 , 1 , 3 , 1 , 1.0 , 33.3 , 1 , 0 , 0 , 0 , 0 , 66.7 
NS Naik,2019 , 1 , 7 , 16 , 1 , 7.0 , 43.8 , 7 , 0 , 0 , 1 , 0 , 75.0 
NS Naik,2016 , 2 , 23 , 31 , 2 , 11.5 , 74.2 , 22 , 0 , 0 , 1 , 0 , 45.2 
KJ Abbott,2016 , 3 , 13 , 8 , 1 , 13.0 , 162.5 , 12 , 0 , 0 , 0 , 1 , 37.5 
BCJ Cutting,2019 , 3 , 18 , 17 , 2 , 9.0 , 105.9 , 13 , 0 , 0 , 1 , 1 , 47.1 
BCJ Cutting,2018 , 6 , 96 , 58 , 4 , 24.0 , 165.5 , 37 , 0 , 0 , 5 , 8 , 37.9 
BCJ Cutting,2017 , 3 , 51 , 26 , 2 , 25.5 , 196.2 , 20 , 0 , 0 , 5 , 3 , 23.1 
C Munro,2019 , 4 , 84 , 70 , 4 , 21.0 , 120.0 , 40 , 0 , 0 , 9 , 4 , 48.6 
C Munro,2018 , 4 , 63 , 41 , 5 , 12.6 , 153.7 , 33 , 0 , 0 , 7 , 4 , 46.3 
C Munro,2016 , 3 , 30 , 30 , 3 , 10.0 , 100.0 , 16 , 0 , 0 , 3 , 0 , 40.0 
S Vidyut,2008 , 8 , 145 , 109 , 8 , 18.1 , 133.0 , 54 , 1 , 0 , 21 , 3 , 45.0 
Sohail Tanvir,2008 , 5 , 36 , 29 , 3 , 12.0 , 124.1 , 13 , 0 , 0 , 3 , 1 , 31.0 
MM Patel,2017 , 1 , 0 , 1 , 1 , 0.0 , 0.0 , 0 , 0 , 0 , 0 , 0 , 100.0 
MM Patel,2012 , 2 , 2 , 7 , 0 , - , 28.6 , 1 , 0 , 0 , 0 , 0 , 71.4 
MM Patel,2011 , 1 , 0 , 1 , 1 , 0.0 , 0.0 , 0 , 0 , 0 , 0 , 0 , 100.0 
CK Kapugedera,2008 , 3 , 16 , 23 , 3 , 5.3 , 69.6 , 8 , 0 , 0 , 0 , 0 , 39.1 
Niraj Patel,2009 , 2 , 18 , 38 , 2 , 9.0 , 47.4 , 14 , 0 , 0 , 1 , 0 , 65.8 
Niraj Patel,2008 , 4 , 103 , 81 , 2 , 51.5 , 127.2 , 57 , 1 , 0 , 13 , 1 , 38.3 
SA Asnodkar,2011 , 1 , 9 , 9 , 1 , 9.0 , 100.0 , 9 , 0 , 0 , 1 , 0 , 44.4 
SA Asnodkar,2010 , 1 , 5 , 4 , 2 , 2.5 , 125.0 , 5 , 0 , 0 , 1 , 0 , 50.0 
SA Asnodkar,2009 , 8 , 98 , 93 , 8 , 12.2 , 105.4 , 44 , 0 , 0 , 11 , 4 , 55.9 
M Ntini,2008 , 2 , 11 , 18 , 1 , 11.0 , 61.1 , 11 , 0 , 0 , 2 , 0 , 77.8 
Kamran Akmal,2008 , 6 , 128 , 78 , 5 , 25.6 , 164.1 , 53 , 1 , 0 , 13 , 8 , 42.3 
M Kaif,2012 , 1 , 14 , 16 , 1 , 14.0 , 87.5 , 14 , 0 , 0 , 1 , 0 , 31.2 
M Kaif,2011 , 4 , 41 , 33 , 3 , 13.7 , 124.2 , 15 , 0 , 0 , 5 , 0 , 45.5 
M Kaif,2010 , 3 , 28 , 30 , 3 , 9.3 , 93.3 , 14 , 0 , 0 , 2 , 0 , 33.3 
SE Bond,2010 , 1 , 1 , 2 , 1 , 1.0 , 50.0 , 1 , 0 , 0 , 0 , 0 , 50.0 
M Kartik,2013 , 2 , 2 , 3 , 1 , 2.0 , 66.7 , 2 , 0 , 0 , 0 , 0 , 33.3 
M Kartik,2012 , 3 , 26 , 21 , 0 , - , 123.8 , 14 , 0 , 0 , 1 , 1 , 19.0 
M Kartik,2011 , 2 , 12 , 15 , 1 , 12.0 , 80.0 , 11 , 0 , 0 , 1 , 0 , 40.0 
LR Shukla,2014 , 3 , 31 , 38 , 3 , 10.3 , 81.6 , 21 , 0 , 0 , 2 , 1 , 47.4 
LR Shukla,2013 , 2 , 3 , 12 , 2 , 1.5 , 25.0 , 2 , 0 , 0 , 0 , 0 , 75.0 
LR Shukla,2012 , 7 , 75 , 57 , 6 , 12.5 , 131.6 , 26 , 0 , 0 , 4 , 5 , 40.4 
AC Voges,2010 , 7 , 181 , 143 , 4 , 45.2 , 126.6 , 45 , 0 , 0 , 15 , 3 , 30.8 
AS Raut,2011 , 4 , 60 , 58 , 3 , 20.0 , 103.4 , 25 , 0 , 0 , 5 , 1 , 37.9 
AS Raut,2010 , 5 , 56 , 48 , 2 , 28.0 , 116.7 , 32 , 0 , 0 , 3 , 3 , 39.6 
AS Raut,2009 , 7 , 78 , 61 , 4 , 19.5 , 127.9 , 36 , 0 , 0 , 5 , 3 , 34.4 
P Dogra,2013 , 1 , 5 , 8 , 1 , 5.0 , 62.5 , 5 , 0 , 0 , 0 , 0 , 50.0 
P Dogra,2012 , 3 , 15 , 24 , 2 , 7.5 , 62.5 , 6 , 0 , 0 , 0 , 0 , 45.8 
P Dogra,2010 , 8 , 107 , 106 , 8 , 13.4 , 100.9 , 41 , 0 , 0 , 4 , 5 , 42.5 
FY Fazal,2011 , 2 , 19 , 19 , 2 , 9.5 , 100.0 , 16 , 0 , 0 , 3 , 0 , 52.6 
FY Fazal,2010 , 9 , 164 , 154 , 8 , 20.5 , 106.5 , 45 , 0 , 0 , 19 , 1 , 37.7 
Kamran Khan,2009 , 1 , 3 , 5 , 1 , 3.0 , 60.0 , 3 , 0 , 0 , 0 , 0 , 60.0 
SC Ganguly,2012 , 15 , 268 , 271 , 15 , 17.9 , 98.9 , 45 , 0 , 0 , 30 , 4 , 45.4 
SC Ganguly,2011 , 3 , 50 , 59 , 2 , 25.0 , 84.7 , 32 , 0 , 0 , 3 , 2 , 52.5 
SC Ganguly,2010 , 14 , 493 , 419 , 13 , 37.9 , 117.7 , 88 , 4 , 0 , 58 , 15 , 46.5 
GC Smith,2011 , 4 , 42 , 51 , 4 , 10.5 , 82.4 , 24 , 0 , 0 , 6 , 0 , 60.8 
GC Smith,2010 , 2 , 44 , 39 , 2 , 22.0 , 112.8 , 26 , 0 , 0 , 7 , 0 , 48.7 
GC Smith,2009 , 12 , 212 , 216 , 11 , 19.3 , 98.1 , 77 , 1 , 0 , 27 , 1 , 47.2 
LA Carseldine,2009 , 5 , 81 , 68 , 4 , 20.2 , 119.1 , 39 , 0 , 0 , 11 , 0 , 41.2 
E Lewis,2019 , 3 , 48 , 52 , 3 , 16.0 , 92.3 , 32 , 0 , 0 , 4 , 2 , 53.8 
E Lewis,2018 , 13 , 382 , 276 , 13 , 29.4 , 138.4 , 65 , 2 , 0 , 32 , 24 , 44.9 
AS Rajpoot,2020 , 2 , 9 , 10 , 1 , 9.0 , 90.0 , 7 , 0 , 0 , 0 , 1 , 60.0 
AS Rajpoot,2018 , 3 , 11 , 18 , 3 , 3.7 , 61.1 , 8 , 0 , 0 , 1 , 0 , 55.6 
AS Rajpoot,2017 , 1 , 4 , 7 , 1 , 4.0 , 57.1 , 4 , 0 , 0 , 1 , 0 , 85.7 
MP Stoinis,2021 , 4 , 43 , 29 , 2 , 21.5 , 148.3 , 27 , 0 , 0 , 6 , 1 , 37.9 
MP Stoinis,2020 , 17 , 352 , 237 , 14 , 25.1 , 148.5 , 65 , 3 , 0 , 31 , 16 , 30.4 
MP Stoinis,2019 , 10 , 211 , 156 , 4 , 52.8 , 135.3 , 46 , 0 , 0 , 14 , 10 , 34.0 
M Markande,2019 , 1 , 6 , 5 , 1 , 6.0 , 120.0 , 6 , 0 , 0 , 1 , 0 , 40.0 
M Markande,2018 , 6 , 21 , 24 , 2 , 10.5 , 87.5 , 7 , 0 , 0 , 2 , 0 , 50.0 
DPMD Jayawardene,2013 , 15 , 331 , 313 , 15 , 22.1 , 105.8 , 66 , 2 , 0 , 39 , 6 , 47.9 
DPMD Jayawardene,2012 , 15 , 335 , 298 , 12 , 27.9 , 112.4 , 56 , 3 , 0 , 39 , 3 , 38.9 
DPMD Jayawardene,2011 , 13 , 299 , 257 , 13 , 23.0 , 116.3 , 76 , 3 , 0 , 35 , 5 , 40.9 
JDP Oram,2011 , 1 , 0 , 3 , 1 , 0.0 , 0.0 , 0 , 0 , 0 , 0 , 0 , 100.0 
JDP Oram,2009 , 8 , 88 , 93 , 6 , 14.7 , 94.6 , 41 , 0 , 0 , 5 , 4 , 45.2 
JDP Oram,2008 , 2 , 18 , 12 , 1 , 18.0 , 150.0 , 13 , 0 , 0 , 1 , 1 , 25.0 
SM Harwood,2009 , 2 , 9 , 14 , 0 , - , 64.3 , 6 , 0 , 0 , 0 , 0 , 50.0 
MM Ali,2021 , 4 , 133 , 87 , 4 , 33.2 , 152.9 , 46 , 0 , 0 , 14 , 7 , 43.7 
MM Ali,2020 , 3 , 12 , 16 , 3 , 4.0 , 75.0 , 11 , 0 , 0 , 1 , 0 , 43.8 
MM Ali,2019 , 10 , 220 , 133 , 8 , 27.5 , 165.4 , 66 , 2 , 0 , 16 , 17 , 38.3 
P Ray Barman,2019 , 1 , 19 , 24 , 1 , 19.0 , 79.2 , 19 , 0 , 0 , 2 , 0 , 45.8 
C de Grandhomme,2019 , 4 , 46 , 49 , 3 , 15.3 , 93.9 , 37 , 0 , 0 , 4 , 2 , 53.1 
C de Grandhomme,2018 , 8 , 131 , 84 , 5 , 26.2 , 156.0 , 40 , 0 , 0 , 4 , 10 , 29.8 
C de Grandhomme,2017 , 9 , 126 , 92 , 8 , 15.8 , 137.0 , 36 , 0 , 0 , 10 , 6 , 33.7 
V Shankar,2021 , 4 , 50 , 44 , 4 , 12.5 , 113.6 , 28 , 0 , 0 , 0 , 3 , 38.6 
V Shankar,2020 , 5 , 97 , 96 , 4 , 24.2 , 101.0 , 52 , 1 , 0 , 10 , 1 , 40.6 
V Shankar,2019 , 14 , 244 , 193 , 12 , 20.3 , 126.4 , 40 , 0 , 0 , 11 , 12 , 32.1 
SO Hetmyer,2021 , 2 , 15 , 11 , 1 , 15.0 , 136.4 , 14 , 0 , 0 , 2 , 0 , 27.3 
SO Hetmyer,2020 , 11 , 185 , 125 , 8 , 23.1 , 148.0 , 45 , 0 , 0 , 11 , 12 , 35.2 
SO Hetmyer,2019 , 5 , 90 , 73 , 5 , 18.0 , 123.3 , 75 , 1 , 0 , 4 , 7 , 42.5 
Mohammad Nabi,2021 , 1 , 14 , 11 , 1 , 14.0 , 127.3 , 14 , 0 , 0 , 2 , 0 , 36.4 
Mohammad Nabi,2020 , 1 , 11 , 8 , 0 , - , 137.5 , 11 , 0 , 0 , 2 , 0 , 37.5 
Mohammad Nabi,2019 , 7 , 115 , 76 , 6 , 19.2 , 151.3 , 31 , 0 , 0 , 8 , 7 , 35.5 
S Dube,2021 , 5 , 110 , 92 , 5 , 22.0 , 119.6 , 46 , 0 , 0 , 12 , 3 , 39.1 
S Dube,2020 , 9 , 129 , 105 , 7 , 18.4 , 122.9 , 27 , 0 , 0 , 5 , 9 , 41.0 
S Dube,2019 , 4 , 40 , 33 , 3 , 13.3 , 121.2 , 24 , 0 , 0 , 1 , 3 , 36.4 
S Kaul,2019 , 1 , 0 , 1 , 1 , 0.0 , 0.0 , 0 , 0 , 0 , 0 , 0 , 100.0 
S Kaul,2018 , 3 , 3 , 14 , 3 , 1.0 , 21.4 , 2 , 0 , 0 , 0 , 0 , 85.7 
S Kaul,2017 , 1 , 0 , 2 , 0 , - , 0.0 , 0 , 0 , 0 , 0 , 0 , 100.0 
SMSM Senanayake,2013 , 4 , 10 , 17 , 1 , 10.0 , 58.8 , 7 , 0 , 0 , 0 , 0 , 47.1 
Azhar Mahmood,2015 , 1 , 6 , 7 , 1 , 6.0 , 85.7 , 6 , 0 , 0 , 1 , 0 , 71.4 
Azhar Mahmood,2013 , 10 , 196 , 154 , 10 , 19.6 , 127.3 , 80 , 2 , 0 , 22 , 5 , 37.7 
Azhar Mahmood,2012 , 10 , 186 , 142 , 8 , 23.2 , 131.0 , 36 , 0 , 0 , 16 , 8 , 37.3 
Gurkeerat Singh,2020 , 5 , 71 , 80 , 0 , - , 88.8 , 21 , 0 , 0 , 8 , 0 , 47.5 
Gurkeerat Singh,2019 , 3 , 98 , 70 , 3 , 32.7 , 140.0 , 65 , 1 , 0 , 11 , 2 , 27.1 
Gurkeerat Singh,2016 , 6 , 113 , 86 , 5 , 22.6 , 131.4 , 51 , 1 , 0 , 11 , 3 , 30.2 
P Awana,2013 , 4 , 1 , 9 , 2 , 0.5 , 11.1 , 1 , 0 , 0 , 0 , 0 , 88.9 
P Awana,2012 , 1 , 4 , 5 , 0 , - , 80.0 , 4 , 0 , 0 , 0 , 0 , 20.0 
DB Das,2013 , 6 , 75 , 74 , 5 , 15.0 , 101.4 , 23 , 0 , 0 , 5 , 5 , 54.1 
DB Das,2012 , 10 , 126 , 93 , 3 , 42.0 , 135.5 , 35 , 0 , 0 , 9 , 6 , 34.4 
DB Das,2008 , 6 , 103 , 94 , 6 , 17.2 , 109.6 , 31 , 0 , 0 , 9 , 5 , 48.9 
A Nortje,2020 , 3 , 7 , 6 , 1 , 7.0 , 116.7 , 3 , 0 , 0 , 0 , 0 , 50.0 
TU Deshpande,2020 , 2 , 21 , 12 , 1 , 21.0 , 175.0 , 20 , 0 , 0 , 2 , 1 , 25.0 
JO Holder,2021 , 1 , 4 , 5 , 1 , 4.0 , 80.0 , 4 , 0 , 0 , 0 , 0 , 40.0 
JO Holder,2020 , 4 , 66 , 53 , 2 , 33.0 , 124.5 , 26 , 0 , 0 , 5 , 3 , 35.8 
JO Holder,2016 , 4 , 22 , 19 , 4 , 5.5 , 115.8 , 13 , 0 , 0 , 2 , 1 , 52.6 
DP Vijaykumar,2008 , 1 , 1 , 1 , 0 , - , 100.0 , 1 , 0 , 0 , 0 , 0 , 0.0 
PM Sarvesh Kumar,2008 , 1 , 1 , 2 , 0 , - , 50.0 , 1 , 0 , 0 , 0 , 0 , 50.0 
Shahid Afridi,2008 , 9 , 81 , 46 , 8 , 10.1 , 176.1 , 33 , 0 , 0 , 7 , 6 , 43.5 
MF Maharoof,2010 , 4 , 31 , 23 , 3 , 10.3 , 134.8 , 28 , 0 , 0 , 2 , 2 , 39.1 
MF Maharoof,2009 , 2 , 21 , 21 , 1 , 21.0 , 100.0 , 18 , 0 , 0 , 0 , 0 , 33.3 
MF Maharoof,2008 , 8 , 125 , 79 , 6 , 20.8 , 158.2 , 39 , 0 , 0 , 10 , 7 , 34.2 
GD McGrath,2008 , 2 , 4 , 5 , 1 , 4.0 , 80.0 , 4 , 0 , 0 , 1 , 0 , 80.0 
Mohammad Asif,2008 , 2 , 3 , 6 , 2 , 1.5 , 50.0 , 3 , 0 , 0 , 0 , 0 , 50.0 
ST Jayasuriya,2010 , 4 , 33 , 31 , 4 , 8.2 , 106.5 , 23 , 0 , 0 , 4 , 1 , 54.8 
ST Jayasuriya,2009 , 12 , 221 , 192 , 12 , 18.4 , 115.1 , 52 , 2 , 0 , 23 , 7 , 50.0 
ST Jayasuriya,2008 , 14 , 514 , 309 , 12 , 42.8 , 166.3 , 114 , 2 , 1 , 57 , 31 , 44.7 
Mohammad Ashraful,2009 , 1 , 2 , 10 , 1 , 2.0 , 20.0 , 2 , 0 , 0 , 0 , 0 , 80.0 
PR Shah,2011 , 1 , 5 , 5 , 1 , 5.0 , 100.0 , 5 , 0 , 0 , 1 , 0 , 60.0 
PR Shah,2009 , 4 , 53 , 51 , 3 , 17.7 , 103.9 , 29 , 0 , 0 , 4 , 2 , 49.0 
PR Shah,2008 , 4 , 34 , 35 , 4 , 8.5 , 97.1 , 19 , 0 , 0 , 4 , 0 , 45.7 
Salman Butt,2008 , 7 , 193 , 161 , 7 , 27.6 , 119.9 , 73 , 1 , 0 , 30 , 2 , 46.6 
Mohammad Hafeez,2008 , 8 , 64 , 83 , 7 , 9.1 , 77.1 , 16 , 0 , 0 , 7 , 2 , 60.2 
AB Agarkar,2013 , 2 , 12 , 16 , 1 , 12.0 , 75.0 , 9 , 0 , 0 , 0 , 0 , 31.2 
AB Agarkar,2011 , 1 , 7 , 6 , 1 , 7.0 , 116.7 , 7 , 0 , 0 , 1 , 0 , 33.3 
AB Agarkar,2010 , 4 , 40 , 29 , 1 , 40.0 , 137.9 , 17 , 0 , 0 , 4 , 0 , 20.7 
Umar Gul,2008 , 4 , 39 , 19 , 3 , 13.0 , 205.3 , 24 , 0 , 0 , 1 , 5 , 42.1 
MV Boucher,2011 , 2 , 6 , 6 , 1 , 6.0 , 100.0 , 5 , 0 , 0 , 0 , 0 , 33.3 
MV Boucher,2010 , 2 , 13 , 10 , 1 , 13.0 , 130.0 , 11 , 0 , 0 , 0 , 1 , 20.0 
MV Boucher,2009 , 9 , 150 , 116 , 5 , 30.0 , 129.3 , 48 , 0 , 0 , 8 , 6 , 33.6 
RS Bopara,2015 , 8 , 145 , 120 , 5 , 29.0 , 120.8 , 41 , 0 , 0 , 6 , 6 , 30.8 
RS Bopara,2010 , 9 , 248 , 214 , 8 , 31.0 , 115.9 , 77 , 2 , 0 , 25 , 3 , 36.4 
RS Bopara,2009 , 5 , 138 , 119 , 5 , 27.6 , 116.0 , 84 , 1 , 0 , 8 , 7 , 37.8 
VY Mahesh,2008 , 5 , 15 , 27 , 2 , 7.5 , 55.6 , 6 , 0 , 0 , 0 , 0 , 51.9 
YA Abdulla,2010 , 1 , 0 , 1 , 0 , - , 0.0 , 0 , 0 , 0 , 0 , 0 , 100.0 
K Goel,2010 , 2 , 18 , 20 , 1 , 18.0 , 90.0 , 17 , 0 , 0 , 1 , 1 , 50.0 
K Goel,2009 , 8 , 124 , 133 , 8 , 15.5 , 93.2 , 38 , 0 , 0 , 9 , 4 , 49.6 
K Goel,2008 , 6 , 76 , 78 , 6 , 12.7 , 97.4 , 26 , 0 , 0 , 7 , 4 , 59.0 
JR Hopes,2011 , 8 , 196 , 158 , 5 , 39.2 , 124.1 , 55 , 2 , 0 , 22 , 3 , 34.8 
JR Hopes,2008 , 11 , 221 , 148 , 11 , 20.1 , 149.3 , 71 , 2 , 0 , 27 , 8 , 38.5 
D Salunkhe,2008 , 3 , 33 , 24 , 2 , 16.5 , 137.5 , 26 , 0 , 0 , 5 , 0 , 33.3 
DS Lehmann,2008 , 2 , 18 , 18 , 2 , 9.0 , 100.0 , 17 , 0 , 0 , 3 , 0 , 50.0 
RE Levi,2012 , 6 , 83 , 73 , 6 , 13.8 , 113.7 , 50 , 1 , 0 , 10 , 4 , 54.8 
DJ Jacobs,2012 , 1 , 0 , 10 , 1 , 0.0 , 0.0 , 0 , 0 , 0 , 0 , 0 , 100.0 
DJ Jacobs,2011 , 6 , 92 , 88 , 6 , 15.3 , 104.5 , 32 , 0 , 0 , 10 , 4 , 55.7 
CJ McKay,2012 , 1 , 8 , 15 , 1 , 8.0 , 53.3 , 8 , 0 , 0 , 0 , 0 , 53.3 
DE Bollinger,2012 , 1 , 3 , 5 , 1 , 3.0 , 60.0 , 3 , 0 , 0 , 0 , 0 , 40.0 
DE Bollinger,2011 , 1 , 0 , 1 , 0 , - , 0.0 , 0 , 0 , 0 , 0 , 0 , 100.0 
DE Bollinger,2010 , 2 , 18 , 17 , 0 , - , 105.9 , 16 , 0 , 0 , 1 , 1 , 47.1 
ND Doshi,2011 , 1 , 0 , 13 , 1 , 0.0 , 0.0 , 0 , 0 , 0 , 0 , 0 , 100.0 
J Suchith,2021 , 1 , 15 , 6 , 0 , - , 250.0 , 15 , 0 , 0 , 2 , 1 , 33.3 
J Suchith,2019 , 1 , 6 , 15 , 1 , 6.0 , 40.0 , 6 , 0 , 0 , 0 , 0 , 60.0 
J Suchith,2015 , 5 , 48 , 32 , 1 , 48.0 , 150.0 , 34 , 0 , 0 , 4 , 2 , 34.4 
NM Coulter-Nile,2020 , 2 , 25 , 15 , 1 , 25.0 , 166.7 , 24 , 0 , 0 , 4 , 0 , 33.3 
NM Coulter-Nile,2017 , 3 , 14 , 12 , 3 , 4.7 , 116.7 , 6 , 0 , 0 , 0 , 2 , 66.7 
NM Coulter-Nile,2016 , 2 , 9 , 14 , 0 , - , 64.3 , 7 , 0 , 0 , 1 , 0 , 57.1 
P Dubey,2020 , 1 , 7 , 13 , 0 , - , 53.8 , 7 , 0 , 0 , 0 , 0 , 53.8 
L Ablish,2011 , 1 , 0 , 2 , 0 , - , 0.0 , 0 , 0 , 0 , 0 , 0 , 100.0 
AUK Pathan,2012 , 2 , 6 , 7 , 1 , 6.0 , 85.7 , 4 , 0 , 0 , 0 , 0 , 42.9 
AUK Pathan,2011 , 5 , 33 , 16 , 4 , 8.2 , 206.2 , 14 , 0 , 0 , 5 , 2 , 50.0 
A Mithun,2013 , 1 , 2 , 2 , 1 , 2.0 , 100.0 , 2 , 0 , 0 , 0 , 0 , 50.0 
A Mithun,2011 , 4 , 27 , 20 , 3 , 9.0 , 135.0 , 11 , 0 , 0 , 3 , 1 , 40.0 
A Mithun,2010 , 1 , 5 , 4 , 1 , 5.0 , 125.0 , 5 , 0 , 0 , 1 , 0 , 50.0 
SP Fleming,2008 , 10 , 195 , 164 , 9 , 21.7 , 118.9 , 44 , 0 , 0 , 27 , 3 , 48.8 
VRV Singh,2008 , 2 , 4 , 3 , 2 , 2.0 , 133.3 , 4 , 0 , 0 , 1 , 0 , 66.7 
RR Sarwan,2008 , 4 , 73 , 75 , 4 , 18.2 , 97.3 , 31 , 0 , 0 , 6 , 1 , 41.3 
U Kaul,2008 , 1 , 0 , 1 , 0 , - , 0.0 , 0 , 0 , 0 , 0 , 0 , 100.0 
R Rampaul,2014 , 1 , 13 , 13 , 1 , 13.0 , 100.0 , 13 , 0 , 0 , 0 , 1 , 46.2 
R Rampaul,2013 , 6 , 38 , 37 , 4 , 9.5 , 102.7 , 23 , 0 , 0 , 3 , 1 , 48.6 
BJ Hodge,2014 , 4 , 101 , 72 , 3 , 33.7 , 140.3 , 40 , 0 , 0 , 4 , 6 , 34.7 
BJ Hodge,2013 , 14 , 293 , 218 , 7 , 41.9 , 134.4 , 54 , 1 , 0 , 27 , 9 , 31.7 
BJ Hodge,2012 , 12 , 245 , 175 , 8 , 30.6 , 140.0 , 48 , 0 , 0 , 18 , 9 , 29.1 
S Gopal,2021 , 1 , 7 , 4 , 0 , - , 175.0 , 7 , 0 , 0 , 0 , 1 , 50.0 
S Gopal,2020 , 5 , 37 , 39 , 4 , 9.2 , 94.9 , 23 , 0 , 0 , 3 , 0 , 33.3 
S Gopal,2019 , 7 , 63 , 46 , 4 , 15.8 , 137.0 , 19 , 0 , 0 , 8 , 1 , 34.8 
B Laughlin,2018 , 2 , 1 , 4 , 1 , 1.0 , 25.0 , 1 , 0 , 0 , 0 , 0 , 75.0 
B Laughlin,2013 , 2 , 4 , 9 , 1 , 4.0 , 44.4 , 4 , 0 , 0 , 0 , 0 , 55.6 
M Prasidh Krishna,2021 , 1 , 0 , 1 , 1 , 0.0 , 0.0 , 0 , 0 , 0 , 0 , 0 , 100.0 
M Prasidh Krishna,2020 , 2 , 2 , 4 , 0 , - , 50.0 , 2 , 0 , 0 , 0 , 0 , 50.0 
M Prasidh Krishna,2019 , 1 , 0 , 2 , 1 , 0.0 , 0.0 , 0 , 0 , 0 , 0 , 0 , 100.0 
Kuldeep Yadav,2020 , 2 , 13 , 21 , 1 , 13.0 , 61.9 , 12 , 0 , 0 , 1 , 0 , 52.4 
Kuldeep Yadav,2019 , 3 , 12 , 8 , 2 , 6.0 , 150.0 , 10 , 0 , 0 , 1 , 0 , 25.0 
Kuldeep Yadav,2018 , 3 , 12 , 24 , 1 , 12.0 , 50.0 , 7 , 0 , 0 , 1 , 0 , 70.8 
H Klaasen,2019 , 2 , 9 , 10 , 2 , 4.5 , 90.0 , 6 , 0 , 0 , 0 , 0 , 30.0 
H Klaasen,2018 , 4 , 57 , 47 , 3 , 19.0 , 121.3 , 32 , 0 , 0 , 5 , 1 , 34.0 
RT Ponting,2013 , 5 , 52 , 75 , 5 , 10.4 , 69.3 , 28 , 0 , 0 , 3 , 1 , 56.0 
RT Ponting,2008 , 4 , 39 , 53 , 4 , 9.8 , 73.6 , 20 , 0 , 0 , 2 , 1 , 49.1 
BMAJ Mendis,2013 , 3 , 23 , 27 , 3 , 7.7 , 85.2 , 12 , 0 , 0 , 0 , 0 , 29.6 
MC Juneja,2013 , 7 , 125 , 128 , 7 , 17.9 , 97.7 , 49 , 0 , 0 , 11 , 1 , 37.5 
KK Cooper,2014 , 3 , 39 , 26 , 3 , 13.0 , 150.0 , 32 , 0 , 0 , 2 , 3 , 42.3 
KK Cooper,2013 , 5 , 39 , 22 , 4 , 9.8 , 177.3 , 26 , 0 , 0 , 4 , 2 , 40.9 
KK Cooper,2012 , 4 , 38 , 20 , 2 , 19.0 , 190.0 , 14 , 0 , 0 , 3 , 3 , 35.0 
MJ Santner,2019 , 2 , 32 , 23 , 1 , 32.0 , 139.1 , 22 , 0 , 0 , 0 , 3 , 34.8 
NJ Maddinson,2015 , 1 , 4 , 7 , 1 , 4.0 , 57.1 , 4 , 0 , 0 , 1 , 0 , 85.7 
NJ Maddinson,2014 , 2 , 16 , 14 , 2 , 8.0 , 114.3 , 12 , 0 , 0 , 3 , 0 , 64.3 
SM Pollock,2008 , 8 , 147 , 111 , 8 , 18.4 , 132.4 , 33 , 0 , 0 , 12 , 8 , 37.8 
RR Raje,2009 , 2 , 12 , 9 , 1 , 12.0 , 133.3 , 11 , 0 , 0 , 0 , 1 , 22.2 
RR Raje,2008 , 3 , 8 , 9 , 0 , - , 88.9 , 6 , 0 , 0 , 1 , 0 , 44.4 
NLTC Perera,2016 , 10 , 150 , 93 , 7 , 21.4 , 161.3 , 34 , 0 , 0 , 7 , 11 , 32.3 
NLTC Perera,2015 , 2 , 12 , 15 , 2 , 6.0 , 80.0 , 9 , 0 , 0 , 0 , 1 , 53.3 
NLTC Perera,2013 , 14 , 233 , 163 , 10 , 23.3 , 142.9 , 40 , 0 , 0 , 12 , 14 , 31.9 
GH Vihari,2019 , 2 , 4 , 8 , 2 , 2.0 , 50.0 , 2 , 0 , 0 , 0 , 0 , 50.0 
GH Vihari,2015 , 4 , 39 , 35 , 4 , 9.8 , 111.4 , 16 , 0 , 0 , 6 , 0 , 42.9 
GH Vihari,2013 , 17 , 241 , 278 , 14 , 17.2 , 86.7 , 46 , 0 , 0 , 17 , 1 , 42.1 
BB Samantray,2013 , 7 , 123 , 111 , 5 , 24.6 , 110.8 , 55 , 1 , 0 , 13 , 2 , 40.5 
BB Samantray,2012 , 1 , 2 , 2 , 0 , - , 100.0 , 2 , 0 , 0 , 0 , 0 , 0.0 
DJ Harris,2012 , 4 , 111 , 101 , 4 , 27.8 , 109.9 , 47 , 0 , 0 , 11 , 5 , 49.5 
B Chipli,2013 , 1 , 16 , 18 , 1 , 16.0 , 88.9 , 16 , 0 , 0 , 1 , 1 , 55.6 
B Chipli,2012 , 4 , 37 , 35 , 3 , 12.3 , 105.7 , 25 , 0 , 0 , 3 , 2 , 51.4 
B Chipli,2011 , 13 , 207 , 170 , 8 , 25.9 , 121.8 , 61 , 1 , 0 , 21 , 4 , 35.3 
MN van Wyk,2009 , 5 , 167 , 132 , 3 , 55.7 , 126.5 , 74 , 1 , 0 , 19 , 1 , 31.1 
M Ashwin,2021 , 2 , 15 , 24 , 2 , 7.5 , 62.5 , 9 , 0 , 0 , 1 , 0 , 50.0 
M Ashwin,2020 , 1 , 4 , 4 , 1 , 4.0 , 100.0 , 4 , 0 , 0 , 0 , 0 , 25.0 
M Ashwin,2019 , 3 , 3 , 5 , 1 , 3.0 , 60.0 , 1 , 0 , 0 , 0 , 0 , 40.0 
GC Viljoen,2019 , 3 , 3 , 7 , 2 , 1.5 , 42.9 , 2 , 0 , 0 , 0 , 0 , 71.4 
NA Saini,2020 , 3 , 27 , 27 , 1 , 27.0 , 100.0 , 12 , 0 , 0 , 3 , 0 , 40.7 
NA Saini,2019 , 2 , 2 , 4 , 1 , 2.0 , 50.0 , 2 , 0 , 0 , 0 , 0 , 50.0 
S Chanderpaul,2008 , 3 , 25 , 31 , 3 , 8.3 , 80.6 , 16 , 0 , 0 , 4 , 0 , 58.1 
SB Joshi,2008 , 2 , 6 , 14 , 2 , 3.0 , 42.9 , 3 , 0 , 0 , 0 , 0 , 57.1 
R Parag,2021 , 4 , 55 , 39 , 4 , 13.8 , 141.0 , 25 , 0 , 0 , 5 , 3 , 38.5 
R Parag,2020 , 8 , 86 , 77 , 7 , 12.3 , 111.7 , 42 , 0 , 0 , 6 , 3 , 37.7 
R Parag,2019 , 5 , 160 , 126 , 5 , 32.0 , 127.0 , 50 , 1 , 0 , 17 , 5 , 38.1 
MDKJ Perera,2013 , 2 , 14 , 13 , 2 , 7.0 , 107.7 , 14 , 0 , 0 , 3 , 0 , 61.5 
R Shukla,2014 , 3 , 18 , 21 , 1 , 18.0 , 85.7 , 14 , 0 , 0 , 2 , 0 , 42.9 
R Shukla,2013 , 1 , 1 , 2 , 0 , - , 50.0 , 1 , 0 , 0 , 0 , 0 , 50.0 
S Badree,2017 , 5 , 13 , 23 , 5 , 2.6 , 56.5 , 8 , 0 , 0 , 0 , 0 , 52.2 
Shakib Al Hasan,2021 , 3 , 38 , 39 , 3 , 12.7 , 97.4 , 26 , 0 , 0 , 2 , 1 , 30.8 
Shakib Al Hasan,2019 , 1 , 9 , 10 , 1 , 9.0 , 90.0 , 9 , 0 , 0 , 0 , 0 , 20.0 
Shakib Al Hasan,2018 , 13 , 239 , 197 , 11 , 21.7 , 121.3 , 35 , 0 , 0 , 26 , 5 , 37.1 
Rasikh Salam,2019 , 1 , 5 , 4 , 0 , - , 125.0 , 5 , 0 , 0 , 0 , 0 , 25.0 
KP Appanna,2010 , 2 , 2 , 3 , 1 , 2.0 , 66.7 , 1 , 0 , 0 , 0 , 0 , 33.3 
KP Appanna,2009 , 1 , 0 , 1 , 0 , - , 0.0 , 0 , 0 , 0 , 0 , 0 , 100.0 
TK Curran,2021 , 1 , 21 , 16 , 1 , 21.0 , 131.2 , 21 , 0 , 0 , 2 , 0 , 25.0 
TK Curran,2020 , 4 , 83 , 62 , 1 , 83.0 , 133.9 , 54 , 1 , 0 , 5 , 3 , 27.4 
TK Curran,2018 , 4 , 23 , 28 , 3 , 7.7 , 82.1 , 18 , 0 , 0 , 3 , 0 , 50.0 
BE Hendricks,2015 , 1 , 1 , 2 , 0 , - , 50.0 , 1 , 0 , 0 , 0 , 0 , 50.0 
BE Hendricks,2014 , 1 , 0 , 1 , 1 , 0.0 , 0.0 , 0 , 0 , 0 , 0 , 0 , 100.0 
Shivam Sharma,2014 , 2 , 5 , 3 , 1 , 5.0 , 166.7 , 4 , 0 , 0 , 1 , 0 , 33.3 
SM Curran,2021 , 3 , 52 , 25 , 2 , 26.0 , 208.0 , 34 , 0 , 0 , 5 , 3 , 20.0 
SM Curran,2020 , 11 , 186 , 141 , 8 , 23.2 , 131.9 , 52 , 1 , 0 , 12 , 12 , 41.8 
SM Curran,2019 , 8 , 95 , 55 , 4 , 23.8 , 172.7 , 55 , 1 , 0 , 13 , 3 , 38.2 
Avesh Khan,2019 , 1 , 4 , 3 , 0 , - , 133.3 , 4 , 0 , 0 , 1 , 0 , 66.7 
S Lamichhane,2019 , 1 , 0 , 1 , 1 , 0.0 , 0.0 , 0 , 0 , 0 , 0 , 0 , 100.0 
RV Gomez,2013 , 1 , 4 , 1 , 0 , - , 400.0 , 4 , 0 , 0 , 1 , 0 , 0.0 
RV Gomez,2011 , 8 , 46 , 50 , 5 , 9.2 , 92.0 , 26 , 0 , 0 , 4 , 1 , 50.0 
AC Thomas,2012 , 2 , 19 , 15 , 2 , 9.5 , 126.7 , 12 , 0 , 0 , 1 , 1 , 33.3 
AC Thomas,2011 , 2 , 1 , 4 , 0 , - , 25.0 , 1 , 0 , 0 , 0 , 0 , 75.0 
NJ Rimmington,2011 , 1 , 1 , 1 , 0 , - , 100.0 , 1 , 0 , 0 , 0 , 0 , 0.0 
JL Pattinson,2020 , 2 , 15 , 13 , 1 , 15.0 , 115.4 , 11 , 0 , 0 , 2 , 0 , 30.8 
RK Bhui,2019 , 1 , 7 , 12 , 1 , 7.0 , 58.3 , 7 , 0 , 0 , 0 , 0 , 58.3 
RK Bhui,2018 , 1 , 0 , 5 , 1 , 0.0 , 0.0 , 0 , 0 , 0 , 0 , 0 , 100.0 
DR Shorey,2019 , 1 , 5 , 8 , 1 , 5.0 , 62.5 , 5 , 0 , 0 , 0 , 0 , 37.5 
DR Shorey,2018 , 1 , 8 , 9 , 1 , 8.0 , 88.9 , 8 , 0 , 0 , 0 , 1 , 66.7 
VS Malik,2014 , 1 , 1 , 2 , 0 , - , 50.0 , 1 , 0 , 0 , 0 , 0 , 50.0 
VS Malik,2010 , 1 , 6 , 5 , 1 , 6.0 , 120.0 , 6 , 0 , 0 , 1 , 0 , 40.0 
R Sathish,2016 , 3 , 24 , 24 , 3 , 8.0 , 100.0 , 10 , 0 , 0 , 1 , 1 , 41.7 
R Sathish,2013 , 8 , 109 , 77 , 5 , 21.8 , 141.6 , 27 , 0 , 0 , 9 , 5 , 36.4 
R Sathish,2011 , 3 , 25 , 34 , 2 , 12.5 , 73.5 , 18 , 0 , 0 , 1 , 0 , 50.0 
PA Reddy,2013 , 7 , 91 , 101 , 7 , 13.0 , 90.1 , 27 , 0 , 0 , 9 , 0 , 43.6 
PA Reddy,2012 , 3 , 73 , 59 , 3 , 24.3 , 123.7 , 42 , 0 , 0 , 6 , 2 , 35.6 
P Parameswaran,2012 , 1 , 0 , 1 , 0 , - , 0.0 , 0 , 0 , 0 , 0 , 0 , 100.0 
P Parameswaran,2011 , 1 , 1 , 1 , 0 , - , 100.0 , 1 , 0 , 0 , 0 , 0 , 0.0 
A Ashish Reddy,2016 , 3 , 47 , 29 , 2 , 23.5 , 162.1 , 32 , 0 , 0 , 2 , 4 , 31.0 
A Ashish Reddy,2015 , 5 , 73 , 46 , 3 , 24.3 , 158.7 , 22 , 0 , 0 , 3 , 5 , 28.3 
A Ashish Reddy,2013 , 10 , 125 , 89 , 6 , 20.8 , 140.4 , 36 , 0 , 0 , 8 , 5 , 27.0 
V Pratap Singh,2012 , 1 , 0 , 1 , 1 , 0.0 , 0.0 , 0 , 0 , 0 , 0 , 0 , 100.0 
Bipul Sharma,2017 , 3 , 31 , 24 , 1 , 31.0 , 129.2 , 21 , 0 , 0 , 2 , 1 , 37.5 
Bipul Sharma,2016 , 4 , 51 , 25 , 2 , 25.5 , 204.0 , 27 , 0 , 0 , 1 , 5 , 28.0 
Bipul Sharma,2015 , 1 , 1 , 2 , 1 , 1.0 , 50.0 , 1 , 0 , 0 , 0 , 0 , 50.0 
T Kohli,2009 , 1 , 1 , 4 , 1 , 1.0 , 25.0 , 1 , 0 , 0 , 0 , 0 , 75.0 
T Kohli,2008 , 2 , 10 , 15 , 2 , 5.0 , 66.7 , 7 , 0 , 0 , 0 , 1 , 66.7 
A Mukund,2013 , 1 , 19 , 21 , 1 , 19.0 , 90.5 , 19 , 0 , 0 , 1 , 0 , 33.3 
A Mukund,2008 , 1 , 0 , 1 , 1 , 0.0 , 0.0 , 0 , 0 , 0 , 0 , 0 , 100.0 
AP Dole,2010 , 2 , 34 , 22 , 2 , 17.0 , 154.5 , 30 , 0 , 0 , 3 , 1 , 27.3 
MJ Lumb,2011 , 1 , 0 , 2 , 1 , 0.0 , 0.0 , 0 , 0 , 0 , 0 , 0 , 100.0 
MJ Lumb,2010 , 11 , 278 , 192 , 11 , 25.3 , 144.8 , 83 , 1 , 0 , 45 , 6 , 46.9 
J Theron,2015 , 1 , 1 , 1 , 0 , - , 100.0 , 1 , 0 , 0 , 0 , 0 , 0.0 
J Theron,2012 , 1 , 7 , 6 , 0 , - , 116.7 , 7 , 0 , 0 , 1 , 0 , 33.3 
J Theron,2010 , 2 , 2 , 5 , 2 , 1.0 , 40.0 , 2 , 0 , 0 , 0 , 0 , 60.0 
IR Jaggi,2017 , 2 , 33 , 39 , 1 , 33.0 , 84.6 , 28 , 0 , 0 , 3 , 0 , 46.2 
IR Jaggi,2012 , 3 , 15 , 21 , 2 , 7.5 , 71.4 , 10 , 0 , 0 , 0 , 0 , 42.9 
IR Jaggi,2011 , 2 , 28 , 37 , 2 , 14.0 , 75.7 , 25 , 0 , 0 , 3 , 0 , 56.8 
PJ Cummins,2021 , 4 , 82 , 43 , 3 , 27.3 , 190.7 , 66 , 1 , 0 , 4 , 8 , 39.5 
PJ Cummins,2020 , 10 , 146 , 114 , 7 , 20.9 , 128.1 , 53 , 1 , 0 , 9 , 8 , 42.1 
PJ Cummins,2017 , 8 , 77 , 53 , 5 , 15.4 , 145.3 , 24 , 0 , 0 , 5 , 4 , 34.0 
N Saini,2012 , 10 , 140 , 141 , 10 , 14.0 , 99.3 , 50 , 1 , 0 , 16 , 0 , 46.8 
DR Sams,2020 , 1 , 0 , 2 , 1 , 0.0 , 0.0 , 0 , 0 , 0 , 0 , 0 , 100.0 
LJ Wright,2013 , 5 , 106 , 60 , 5 , 21.2 , 176.7 , 44 , 0 , 0 , 16 , 3 , 31.7 
BAW Mendis,2013 , 1 , 2 , 4 , 1 , 2.0 , 50.0 , 2 , 0 , 0 , 0 , 0 , 50.0 
BAW Mendis,2010 , 1 , 1 , 1 , 0 , - , 100.0 , 1 , 0 , 0 , 0 , 0 , 0.0 
BAW Mendis,2009 , 1 , 0 , 1 , 1 , 0.0 , 0.0 , 0 , 0 , 0 , 0 , 0 , 100.0 
Harpreet Brar,2019 , 1 , 20 , 12 , 0 , - , 166.7 , 20 , 0 , 0 , 2 , 1 , 25.0 
CJ Jordan,2020 , 4 , 29 , 31 , 3 , 9.7 , 93.5 , 13 , 0 , 0 , 2 , 0 , 45.2 
CJ Jordan,2017 , 1 , 0 , 1 , 1 , 0.0 , 0.0 , 0 , 0 , 0 , 0 , 0 , 100.0 
CJ Jordan,2016 , 1 , 3 , 4 , 1 , 3.0 , 75.0 , 3 , 0 , 0 , 0 , 0 , 50.0 
A Chopra,2009 , 1 , 11 , 19 , 1 , 11.0 , 57.9 , 11 , 0 , 0 , 2 , 0 , 73.7 
A Chopra,2008 , 5 , 42 , 52 , 5 , 8.4 , 80.8 , 24 , 0 , 0 , 5 , 0 , 51.9 
T Taibu,2008 , 3 , 31 , 26 , 3 , 10.3 , 119.2 , 15 , 0 , 0 , 3 , 0 , 34.6 
Shoaib Akhtar,2008 , 1 , 2 , 7 , 1 , 2.0 , 28.6 , 2 , 0 , 0 , 0 , 0 , 71.4 
PD Collingwood,2010 , 7 , 203 , 156 , 5 , 40.6 , 130.1 , 75 , 3 , 0 , 9 , 13 , 36.5 
AB Barath,2010 , 3 , 42 , 42 , 2 , 21.0 , 100.0 , 33 , 0 , 0 , 5 , 1 , 50.0 
B Akhil,2011 , 1 , 13 , 9 , 1 , 13.0 , 144.4 , 13 , 0 , 0 , 0 , 1 , 33.3 
B Akhil,2009 , 3 , 17 , 15 , 2 , 8.5 , 113.3 , 9 , 0 , 0 , 1 , 1 , 53.3 
B Akhil,2008 , 7 , 46 , 31 , 3 , 15.3 , 148.4 , 27 , 0 , 0 , 4 , 3 , 41.9 
W Jaffer,2009 , 2 , 15 , 17 , 2 , 7.5 , 88.2 , 8 , 0 , 0 , 2 , 0 , 58.8 
W Jaffer,2008 , 6 , 115 , 104 , 6 , 19.2 , 110.6 , 50 , 1 , 0 , 12 , 3 , 44.2 
AS Yadav,2008 , 6 , 49 , 39 , 5 , 9.8 , 125.6 , 16 , 0 , 0 , 5 , 2 , 43.6 
SB Bangar,2009 , 1 , 2 , 9 , 1 , 2.0 , 22.2 , 2 , 0 , 0 , 0 , 0 , 77.8 
SB Bangar,2008 , 6 , 47 , 49 , 6 , 7.8 , 95.9 , 17 , 0 , 0 , 1 , 3 , 42.9 
MJ Clarke,2012 , 6 , 98 , 94 , 6 , 16.3 , 104.3 , 41 , 0 , 0 , 12 , 0 , 43.6 
AA Chavan,2012 , 2 , 11 , 8 , 1 , 11.0 , 137.5 , 7 , 0 , 0 , 2 , 0 , 37.5 
AA Chavan,2011 , 1 , 1 , 3 , 1 , 1.0 , 33.3 , 1 , 0 , 0 , 0 , 0 , 66.7 
AP Majumdar,2012 , 4 , 87 , 76 , 4 , 21.8 , 114.5 , 31 , 0 , 0 , 7 , 2 , 35.5 
D Kalyankrishna,2008 , 1 , 3 , 8 , 1 , 3.0 , 37.5 , 3 , 0 , 0 , 0 , 0 , 62.5 
CR Woakes,2021 , 1 , 15 , 11 , 0 , - , 136.4 , 15 , 0 , 0 , 2 , 0 , 18.2 
CR Woakes,2018 , 4 , 17 , 19 , 2 , 8.5 , 89.5 , 11 , 0 , 0 , 1 , 1 , 52.6 
CR Woakes,2017 , 7 , 46 , 47 , 4 , 11.5 , 97.9 , 18 , 0 , 0 , 4 , 1 , 44.7 
SE Rutherford,2019 , 7 , 73 , 54 , 5 , 14.6 , 135.2 , 28 , 0 , 0 , 2 , 7 , 46.3 
AJ Turner,2019 , 4 , 3 , 10 , 3 , 1.0 , 30.0 , 3 , 0 , 0 , 0 , 0 , 70.0 
AA Bilakhia,2010 , 1 , 2 , 4 , 1 , 2.0 , 50.0 , 2 , 0 , 0 , 0 , 0 , 50.0 
AA Bilakhia,2009 , 6 , 67 , 81 , 4 , 16.8 , 82.7 , 22 , 0 , 0 , 5 , 0 , 46.9 
Shoaib Ahmed,2009 , 3 , 1 , 6 , 2 , 0.5 , 16.7 , 1 , 0 , 0 , 0 , 0 , 83.3 
FH Edwards,2009 , 2 , 4 , 5 , 1 , 4.0 , 80.0 , 3 , 0 , 0 , 0 , 0 , 60.0 
Anureet Singh,2018 , 1 , 3 , 4 , 0 , - , 75.0 , 3 , 0 , 0 , 0 , 0 , 25.0 
Anureet Singh,2017 , 1 , 15 , 12 , 1 , 15.0 , 125.0 , 15 , 0 , 0 , 2 , 0 , 25.0 
Anureet Singh,2015 , 6 , 18 , 31 , 3 , 6.0 , 58.1 , 10 , 0 , 0 , 0 , 1 , 58.1 
M Klinger,2011 , 4 , 73 , 77 , 4 , 18.2 , 94.8 , 29 , 0 , 0 , 9 , 0 , 45.5 
SP Goswami,2020 , 2 , 0 , 4 , 2 , 0.0 , 0.0 , 0 , 0 , 0 , 0 , 0 , 100.0 
SP Goswami,2018 , 3 , 52 , 40 , 3 , 17.3 , 130.0 , 35 , 0 , 0 , 6 , 1 , 32.5 
SP Goswami,2012 , 6 , 69 , 67 , 5 , 13.8 , 103.0 , 24 , 0 , 0 , 4 , 1 , 29.9 
AC Blizzard,2012 , 1 , 0 , 3 , 1 , 0.0 , 0.0 , 0 , 0 , 0 , 0 , 0 , 100.0 
AC Blizzard,2011 , 6 , 120 , 87 , 6 , 20.0 , 137.9 , 51 , 1 , 0 , 21 , 2 , 50.6 
Karanveer Singh,2015 , 3 , 11 , 16 , 1 , 11.0 , 68.8 , 5 , 0 , 0 , 1 , 0 , 56.2 
Karanveer Singh,2014 , 1 , 1 , 1 , 0 , - , 100.0 , 1 , 0 , 0 , 0 , 0 , 0.0 
KL Nagarkoti,2021 , 1 , 0 , 2 , 1 , 0.0 , 0.0 , 0 , 0 , 0 , 0 , 0 , 100.0 
KL Nagarkoti,2020 , 6 , 22 , 31 , 3 , 7.3 , 71.0 , 8 , 0 , 0 , 1 , 0 , 45.2 
Shivam Mavi,2021 , 1 , 5 , 7 , 1 , 5.0 , 71.4 , 5 , 0 , 0 , 1 , 0 , 71.4 
Shivam Mavi,2020 , 3 , 10 , 14 , 2 , 5.0 , 71.4 , 9 , 0 , 0 , 1 , 0 , 57.1 
Shivam Mavi,2018 , 3 , 13 , 15 , 3 , 4.3 , 86.7 , 7 , 0 , 0 , 1 , 0 , 46.7 
CV Varun,2021 , 2 , 2 , 4 , 1 , 2.0 , 50.0 , 2 , 0 , 0 , 0 , 0 , 50.0 
CV Varun,2020 , 3 , 10 , 15 , 2 , 5.0 , 66.7 , 7 , 0 , 0 , 0 , 0 , 40.0 
LE Plunkett,2018 , 2 , 1 , 3 , 1 , 1.0 , 33.3 , 1 , 0 , 0 , 0 , 0 , 66.7 
AB McDonald,2013 , 1 , 0 , 2 , 1 , 0.0 , 0.0 , 0 , 0 , 0 , 0 , 0 , 100.0 
AB McDonald,2012 , 3 , 47 , 35 , 2 , 23.5 , 134.3 , 30 , 0 , 0 , 6 , 2 , 45.7 
AB McDonald,2011 , 1 , 8 , 7 , 1 , 8.0 , 114.3 , 8 , 0 , 0 , 0 , 0 , 28.6 
DNT Zoysa,2008 , 2 , 11 , 9 , 1 , 11.0 , 122.2 , 10 , 0 , 0 , 1 , 0 , 33.3 
DJ Thornely,2008 , 4 , 39 , 53 , 2 , 19.5 , 73.6 , 30 , 0 , 0 , 2 , 2 , 56.6 
LPC Silva,2008 , 3 , 40 , 26 , 2 , 20.0 , 153.8 , 23 , 0 , 0 , 5 , 1 , 34.6 
H Das,2008 , 1 , 2 , 5 , 1 , 2.0 , 40.0 , 2 , 0 , 0 , 0 , 0 , 60.0 
B Stanlake,2018 , 1 , 5 , 2 , 0 , - , 250.0 , 5 , 0 , 0 , 1 , 0 , 0.0 
DAJ Bracewell,2012 , 1 , 12 , 9 , 0 , - , 133.3 , 12 , 0 , 0 , 1 , 0 , 11.1 
Misbah-ul-Haq,2008 , 8 , 117 , 81 , 7 , 16.7 , 144.4 , 47 , 0 , 0 , 10 , 6 , 37.0 
Harmeet Singh,2013 , 1 , 3 , 4 , 1 , 3.0 , 75.0 , 3 , 0 , 0 , 0 , 0 , 50.0 
Harmeet Singh,2012 , 2 , 15 , 7 , 1 , 15.0 , 214.3 , 14 , 0 , 0 , 3 , 0 , 28.6 
Harmeet Singh,2010 , 1 , 0 , 1 , 2 , 0.0 , 0.0 , 0 , 0 , 0 , 0 , 0 , 100.0 
RS Gavaskar,2010 , 1 , 2 , 8 , 1 , 2.0 , 25.0 , 2 , 0 , 0 , 0 , 0 , 75.0 
TR Birt,2011 , 5 , 75 , 58 , 5 , 15.0 , 129.3 , 27 , 0 , 0 , 9 , 2 , 44.8 
Sachin Baby,2017 , 3 , 15 , 15 , 3 , 5.0 , 100.0 , 12 , 0 , 0 , 2 , 0 , 46.7 
Sachin Baby,2016 , 6 , 119 , 79 , 4 , 29.8 , 150.6 , 33 , 0 , 0 , 9 , 5 , 29.1 
Sachin Baby,2013 , 1 , 3 , 7 , 1 , 3.0 , 42.9 , 3 , 0 , 0 , 0 , 0 , 71.4 
MN Samuels,2017 , 4 , 29 , 31 , 4 , 7.2 , 93.5 , 27 , 0 , 0 , 1 , 2 , 54.8 
MN Samuels,2013 , 2 , 8 , 18 , 2 , 4.0 , 44.4 , 5 , 0 , 0 , 1 , 0 , 72.2 
MN Samuels,2012 , 8 , 124 , 123 , 7 , 17.7 , 100.8 , 46 , 0 , 0 , 7 , 5 , 43.9 
AD Mascarenhas,2013 , 1 , 5 , 5 , 0 , - , 100.0 , 5 , 0 , 0 , 0 , 0 , 20.0 
AD Mascarenhas,2012 , 3 , 14 , 16 , 3 , 4.7 , 87.5 , 9 , 0 , 0 , 1 , 0 , 43.8 
AD Mascarenhas,2010 , 2 , 12 , 10 , 1 , 12.0 , 120.0 , 9 , 0 , 0 , 0 , 0 , 10.0 
KAJ Roach,2010 , 1 , 10 , 9 , 1 , 10.0 , 111.1 , 10 , 0 , 0 , 1 , 0 , 33.3 
JJ Roy,2018 , 5 , 120 , 94 , 4 , 30.0 , 127.7 , 91 , 1 , 0 , 9 , 7 , 42.6 
JJ Roy,2017 , 3 , 59 , 40 , 2 , 29.5 , 147.5 , 31 , 0 , 0 , 9 , 1 , 37.5 
D Padikkal,2021 , 3 , 137 , 93 , 2 , 68.5 , 147.3 , 101 , 0 , 1 , 15 , 6 , 37.6 
D Padikkal,2020 , 15 , 473 , 379 , 15 , 31.5 , 124.8 , 74 , 5 , 0 , 51 , 8 , 34.3 
Mashrafe Mortaza,2009 , 1 , 2 , 2 , 0 , - , 100.0 , 2 , 0 , 0 , 0 , 0 , 50.0 
TM Srivastava,2009 , 1 , 0 , 1 , 0 , - , 0.0 , 0 , 0 , 0 , 0 , 0 , 100.0 
TM Srivastava,2008 , 2 , 8 , 10 , 1 , 8.0 , 80.0 , 7 , 0 , 0 , 0 , 0 , 40.0 
RS Sodhi,2010 , 1 , 4 , 2 , 0 , - , 200.0 , 4 , 0 , 0 , 1 , 0 , 50.0 
TD Paine,2011 , 2 , 10 , 26 , 2 , 5.0 , 38.5 , 8 , 0 , 0 , 0 , 0 , 61.5 
AG Murtaza,2013 , 1 , 5 , 4 , 1 , 5.0 , 125.0 , 5 , 0 , 0 , 1 , 0 , 50.0 
AG Murtaza,2012 , 1 , 3 , 5 , 0 , - , 60.0 , 3 , 0 , 0 , 0 , 0 , 40.0 
AG Murtaza,2011 , 1 , 2 , 5 , 0 , - , 40.0 , 2 , 0 , 0 , 0 , 0 , 60.0 
AN Ahmed,2015 , 3 , 10 , 5 , 1 , 10.0 , 200.0 , 5 , 0 , 0 , 2 , 0 , 20.0 
AN Ahmed,2014 , 1 , 4 , 1 , 0 , - , 400.0 , 4 , 0 , 0 , 1 , 0 , 0.0 
AN Ahmed,2011 , 1 , 18 , 13 , 0 , - , 138.5 , 18 , 0 , 0 , 1 , 1 , 38.5 
AD Hales,2018 , 6 , 148 , 118 , 6 , 24.7 , 125.4 , 45 , 0 , 0 , 13 , 6 , 39.8 
S Narwal,2013 , 1 , 23 , 15 , 1 , 23.0 , 153.3 , 23 , 0 , 0 , 4 , 0 , 33.3 
S Narwal,2010 , 3 , 14 , 12 , 2 , 7.0 , 116.7 , 12 , 0 , 0 , 2 , 0 , 41.7 
BR Dunk,2014 , 3 , 40 , 35 , 3 , 13.3 , 114.3 , 20 , 0 , 0 , 7 , 0 , 54.3 
RR Rossouw,2015 , 2 , 14 , 10 , 2 , 7.0 , 140.0 , 14 , 0 , 0 , 1 , 1 , 50.0 
RR Rossouw,2014 , 3 , 39 , 41 , 3 , 13.0 , 95.1 , 24 , 0 , 0 , 2 , 2 , 48.8 
RJ Peterson,2012 , 5 , 32 , 30 , 3 , 10.7 , 106.7 , 16 , 0 , 0 , 3 , 1 , 43.3 
S Rana,2014 , 7 , 73 , 65 , 3 , 24.3 , 112.3 , 19 , 0 , 0 , 7 , 1 , 41.5 
S Rana,2011 , 1 , 18 , 16 , 1 , 18.0 , 112.5 , 18 , 0 , 0 , 2 , 0 , 31.2 
RJ Quiney,2009 , 7 , 103 , 102 , 7 , 14.7 , 101.0 , 51 , 1 , 0 , 12 , 3 , 52.9 
CK Langeveldt,2011 , 1 , 8 , 8 , 1 , 8.0 , 100.0 , 8 , 0 , 0 , 0 , 1 , 62.5 
CK Langeveldt,2010 , 1 , 0 , 1 , 1 , 0.0 , 0.0 , 0 , 0 , 0 , 0 , 0 , 100.0 
T Henderson,2009 , 2 , 11 , 16 , 2 , 5.5 , 68.8 , 11 , 0 , 0 , 0 , 1 , 68.8 
Yashpal Singh,2009 , 4 , 47 , 66 , 4 , 11.8 , 71.2 , 20 , 0 , 0 , 5 , 0 , 57.6 
SS Shaikh,2009 , 1 , 6 , 7 , 1 , 6.0 , 85.7 , 6 , 0 , 0 , 1 , 0 , 57.1 
Harpreet Singh,2012 , 1 , 6 , 6 , 1 , 6.0 , 100.0 , 6 , 0 , 0 , 0 , 0 , 16.7 
Harpreet Singh,2011 , 2 , 14 , 20 , 1 , 14.0 , 70.0 , 13 , 0 , 0 , 0 , 0 , 35.0 
KB Arun Karthik,2013 , 5 , 41 , 38 , 3 , 13.7 , 107.9 , 19 , 0 , 0 , 3 , 1 , 42.1 
KB Arun Karthik,2011 , 2 , 7 , 8 , 2 , 3.5 , 87.5 , 6 , 0 , 0 , 1 , 0 , 50.0 
KB Arun Karthik,2010 , 1 , 3 , 5 , 0 , - , 60.0 , 3 , 0 , 0 , 0 , 0 , 40.0 
BJ Rohrer,2013 , 8 , 193 , 140 , 6 , 32.2 , 137.9 , 64 , 1 , 0 , 21 , 5 , 36.4 
I Malhotra,2011 , 1 , 7 , 4 , 0 , - , 175.0 , 7 , 0 , 0 , 1 , 0 , 0.0 
DJM Short,2018 , 7 , 115 , 99 , 7 , 16.4 , 116.2 , 44 , 0 , 0 , 11 , 5 , 45.5 
JE Taylor,2011 , 2 , 3 , 3 , 1 , 3.0 , 100.0 , 2 , 0 , 0 , 0 , 0 , 33.3 
GR Napier,2009 , 1 , 15 , 16 , 1 , 15.0 , 93.8 , 15 , 0 , 0 , 1 , 0 , 43.8 
MS Wade,2011 , 3 , 22 , 33 , 3 , 7.3 , 66.7 , 11 , 0 , 0 , 0 , 0 , 45.5 
L Ronchi,2009 , 1 , 0 , 2 , 1 , 0.0 , 0.0 , 0 , 0 , 0 , 0 , 0 , 100.0 
L Ronchi,2008 , 4 , 34 , 32 , 4 , 8.5 , 106.2 , 13 , 0 , 0 , 6 , 1 , 65.6 
J Arunkumar,2008 , 3 , 23 , 23 , 3 , 7.7 , 100.0 , 22 , 0 , 0 , 5 , 0 , 65.2 
T Banton,2020 , 2 , 18 , 20 , 2 , 9.0 , 90.0 , 10 , 0 , 0 , 1 , 1 , 55.0 
I Udana,2020 , 4 , 15 , 11 , 3 , 5.0 , 136.4 , 10 , 0 , 0 , 1 , 1 , 36.4 
Y Gnaneswara Rao,2011 , 1 , 19 , 17 , 1 , 19.0 , 111.8 , 19 , 0 , 0 , 3 , 0 , 47.1 
RD Gaikwad,2021 , 5 , 117 , 104 , 5 , 23.4 , 112.5 , 64 , 1 , 0 , 12 , 5 , 47.1 
RD Gaikwad,2020 , 6 , 204 , 169 , 4 , 51.0 , 120.7 , 72 , 3 , 0 , 16 , 6 , 33.7 
KW Richardson,2016 , 1 , 1 , 1 , 0 , - , 100.0 , 1 , 0 , 0 , 0 , 0 , 0.0 
KW Richardson,2014 , 1 , 1 , 2 , 1 , 1.0 , 50.0 , 1 , 0 , 0 , 0 , 0 , 50.0 
KW Richardson,2013 , 2 , 34 , 36 , 2 , 17.0 , 94.4 , 26 , 0 , 0 , 2 , 1 , 44.4 
SA Abbott,2015 , 2 , 15 , 13 , 2 , 7.5 , 115.4 , 14 , 0 , 0 , 1 , 1 , 53.8 
AR Bawne,2017 , 1 , 12 , 12 , 0 , - , 100.0 , 12 , 0 , 0 , 1 , 0 , 33.3 
SP Jackson,2017 , 3 , 38 , 31 , 2 , 19.0 , 122.6 , 16 , 0 , 0 , 5 , 0 , 32.3 
Shoaib Malik,2008 , 5 , 52 , 47 , 4 , 13.0 , 110.6 , 24 , 0 , 0 , 5 , 0 , 29.8 
UT Khawaja,2016 , 6 , 127 , 100 , 6 , 21.2 , 127.0 , 30 , 0 , 0 , 14 , 3 , 38.0 
J Syed Mohammad,2013 , 2 , 10 , 13 , 2 , 5.0 , 76.9 , 9 , 0 , 0 , 1 , 0 , 53.8 
J Syed Mohammad,2012 , 1 , 4 , 1 , 0 , - , 400.0 , 4 , 0 , 0 , 1 , 0 , 0.0 
J Syed Mohammad,2011 , 2 , 15 , 12 , 0 , - , 125.0 , 13 , 0 , 0 , 2 , 0 , 25.0 
LS Livingstone,2019 , 4 , 70 , 48 , 3 , 23.3 , 145.8 , 44 , 0 , 0 , 6 , 5 , 47.9 
MK Lomror,2020 , 3 , 59 , 54 , 3 , 19.7 , 109.3 , 47 , 0 , 0 , 2 , 3 , 35.2 
MK Lomror,2019 , 1 , 8 , 3 , 1 , 8.0 , 266.7 , 8 , 0 , 0 , 2 , 0 , 33.3 
MK Lomror,2018 , 2 , 20 , 21 , 1 , 20.0 , 95.2 , 11 , 0 , 0 , 1 , 0 , 38.1 
Kartik Tyagi,2020 , 2 , 4 , 6 , 1 , 4.0 , 66.7 , 2 , 0 , 0 , 0 , 0 , 33.3 
AS Joseph,2019 , 1 , 15 , 13 , 0 , - , 115.4 , 15 , 0 , 0 , 2 , 0 , 46.2 
SD Lad,2019 , 1 , 15 , 13 , 1 , 15.0 , 115.4 , 15 , 0 , 0 , 1 , 1 , 61.5 
MA Wood,2018 , 1 , 1 , 3 , 1 , 1.0 , 33.3 , 1 , 0 , 0 , 0 , 0 , 66.7 
NL McCullum,2011 , 2 , 26 , 22 , 1 , 26.0 , 118.2 , 15 , 0 , 0 , 0 , 1 , 31.8 
Sunny Gupta,2012 , 1 , 0 , 1 , 1 , 0.0 , 0.0 , 0 , 0 , 0 , 0 , 0 , 100.0 
AN Ghosh,2009 , 2 , 7 , 8 , 2 , 3.5 , 87.5 , 7 , 0 , 0 , 1 , 0 , 62.5 
F Behardien,2016 , 3 , 14 , 13 , 2 , 7.0 , 107.7 , 9 , 0 , 0 , 2 , 0 , 38.5 
B Sumanth,2010 , 4 , 35 , 37 , 1 , 35.0 , 94.6 , 16 , 0 , 0 , 3 , 0 , 37.8 
DM Bravo,2017 , 1 , 6 , 5 , 0 , - , 120.0 , 6 , 0 , 0 , 1 , 0 , 40.0 
DJ Muthuswami,2015 , 1 , 1 , 3 , 1 , 1.0 , 33.3 , 1 , 0 , 0 , 0 , 0 , 66.7 
KMDN Kulasekara,2012 , 1 , 5 , 3 , 0 , - , 166.7 , 5 , 0 , 0 , 1 , 0 , 33.3 
R Bishnoi,2009 , 3 , 19 , 17 , 3 , 6.3 , 111.8 , 18 , 0 , 0 , 1 , 2 , 64.7 
M de Lange,2014 , 1 , 1 , 2 , 1 , 1.0 , 50.0 , 1 , 0 , 0 , 0 , 0 , 50.0 
Swapnil Singh,2017 , 2 , 12 , 19 , 2 , 6.0 , 63.2 , 10 , 0 , 0 , 0 , 0 , 47.4 
Swapnil Singh,2016 , 1 , 0 , 1 , 1 , 0.0 , 0.0 , 0 , 0 , 0 , 0 , 0 , 100.0 
AT Carey,2020 , 3 , 32 , 29 , 2 , 16.0 , 110.3 , 14 , 0 , 0 , 0 , 1 , 27.6 
Anirudh Singh,2010 , 4 , 63 , 66 , 4 , 15.8 , 95.5 , 40 , 0 , 0 , 6 , 1 , 47.0 
C Nanda,2009 , 1 , 0 , 1 , 1 , 0.0 , 0.0 , 0 , 0 , 0 , 0 , 0 , 100.0 
S Sriram,2011 , 1 , 4 , 7 , 1 , 4.0 , 57.1 , 4 , 0 , 0 , 0 , 0 , 57.1 
S Sriram,2010 , 1 , 27 , 29 , 1 , 27.0 , 93.1 , 27 , 0 , 0 , 3 , 0 , 41.4 
D du Preez,2009 , 1 , 10 , 13 , 1 , 10.0 , 76.9 , 10 , 0 , 0 , 0 , 0 , 38.5 
PSP Handscomb,2016 , 1 , 6 , 12 , 1 , 6.0 , 50.0 , 6 , 0 , 0 , 0 , 0 , 50.0 
VS Yeligati,2008 , 1 , 2 , 2 , 1 , 2.0 , 100.0 , 2 , 0 , 0 , 0 , 0 , 50.0 
MA Khote,2008 , 3 , 24 , 22 , 2 , 12.0 , 109.1 , 9 , 0 , 0 , 2 , 1 , 45.5 
DT Patil,2008 , 2 , 13 , 13 , 2 , 6.5 , 100.0 , 9 , 0 , 0 , 1 , 0 , 38.5 
RG More,2015 , 1 , 2 , 2 , 0 , - , 100.0 , 2 , 0 , 0 , 0 , 0 , 0.0 
A Uniyal,2010 , 2 , 4 , 7 , 1 , 4.0 , 57.1 , 4 , 0 , 0 , 0 , 0 , 42.9 
YBK Jaiswal,2021 , 1 , 22 , 17 , 1 , 22.0 , 129.4 , 22 , 0 , 0 , 5 , 0 , 58.8 
YBK Jaiswal,2020 , 3 , 40 , 44 , 3 , 13.3 , 90.9 , 34 , 0 , 0 , 2 , 2 , 45.5 
C Madan,2010 , 1 , 15 , 19 , 1 , 15.0 , 78.9 , 15 , 0 , 0 , 3 , 0 , 68.4 
ER Dwivedi,2016 , 2 , 24 , 14 , 2 , 12.0 , 171.4 , 19 , 0 , 0 , 2 , 2 , 42.9 
JR Philippe,2020 , 5 , 78 , 77 , 4 , 19.5 , 101.3 , 33 , 0 , 0 , 9 , 1 , 45.5 
JJ van der Wath,2011 , 3 , 18 , 16 , 2 , 9.0 , 112.5 , 14 , 0 , 0 , 1 , 1 , 43.8 
AA Noffke,2008 , 1 , 9 , 10 , 1 , 9.0 , 90.0 , 9 , 0 , 0 , 1 , 0 , 40.0 
X Thalaivan Sargunam,2013 , 1 , 10 , 17 , 1 , 10.0 , 58.8 , 10 , 0 , 0 , 0 , 0 , 52.9 
VH Zol,2014 , 2 , 29 , 26 , 2 , 14.5 , 111.5 , 16 , 0 , 0 , 3 , 1 , 50.0 
A Dananjaya,2018 , 1 , 4 , 5 , 0 , - , 80.0 , 4 , 0 , 0 , 0 , 0 , 40.0 
R Ninan,2011 , 1 , 3 , 6 , 1 , 3.0 , 50.0 , 3 , 0 , 0 , 0 , 0 , 50.0 
TS Mills,2017 , 3 , 8 , 11 , 3 , 2.7 , 72.7 , 6 , 0 , 0 , 0 , 1 , 72.7 
RR Bhatkal,2012 , 1 , 0 , 2 , 1 , 0.0 , 0.0 , 0 , 0 , 0 , 0 , 0 , 100.0 
Vishnu Vinod,2017 , 3 , 19 , 26 , 3 , 6.3 , 73.1 , 9 , 0 , 0 , 1 , 1 , 57.7 
Abdur Razzak,2008 , 1 , 0 , 2 , 0 , - , 0.0 , 0 , 0 , 0 , 0 , 0 , 100.0 
Younis Khan,2008 , 1 , 3 , 7 , 1 , 3.0 , 42.9 , 3 , 0 , 0 , 0 , 0 , 57.1 
DR Martyn,2010 , 1 , 19 , 24 , 1 , 19.0 , 79.2 , 19 , 0 , 0 , 1 , 0 , 33.3 
BJ Haddin,2011 , 1 , 18 , 11 , 1 , 18.0 , 163.6 , 18 , 0 , 0 , 2 , 1 , 45.5 
JL Denly,2019 , 1 , 0 , 1 , 1 , 0.0 , 0.0 , 0 , 0 , 0 , 0 , 0 , 100.0 
N Jagadeesan,2020 , 2 , 33 , 29 , 2 , 16.5 , 113.8 , 33 , 0 , 0 , 4 , 0 , 34.5 
